timestamp,position,position_conf,role,role_conf,state,state_conf,pose_pair,identity_resolved,t0_x,t0_y,t1_x,t1_y,order_flipped
5292.0,takedown,0.0,unknown,0.0,takedown1,0.0,False,False,,,,,
5292.5,takedown,0.7375288948043276,athlete2,0.9822923865965335,takedown1,0.5419615956682214,True,True,57.2,120.8,169.7,178.0,False
5293.0,takedown,0.6194881690043237,athlete2,0.9330519999843189,takedown1,0.6187625767548196,True,True,47.1,124.5,162.9,165.2,False
5293.5,takedown,0.8561239900034633,athlete2,0.9699039751709063,takedown1,0.5725436204197274,True,True,39.3,163.9,170.9,174.8,False
5294.0,takedown,0.7739324129821908,athlete2,0.9956497099939438,takedown1,0.9120800309232331,True,True,44.6,126.3,177.8,163.6,False
5294.5,takedown,0.6876217906717129,athlete2,0.9004348156311225,takedown1,0.6479985360181009,True,True,53.5,160.5,155.8,168.5,False
5295.0,takedown,0.6592846802702955,athlete2,0.9773263240515028,takedown1,0.4586717489868113,True,True,116.3,160.4,155.7,179.0,False
5295.5,unknown,0.0,athlete2,0.0,unknown,0.0,False,False,,,,,
5296.0,unknown,0.0,athlete2,0.0,unknown,0.0,False,False,,,,,
5296.5,unknown,0.0,athlete2,0.0,unknown,0.0,False,False,,,,,
5297.0,unknown,0.0,athlete2,0.0,unknown,0.0,False,False,,,,,
5297.5,unknown,0.0,athlete2,0.0,unknown,0.0,False,False,,,,,
5298.0,back,0.4274025356275506,athlete2,0.5185232762817009,closed_guard1,0.794367029173383,True,True,174.7,214.2,176.9,154.2,True
5298.5,back,0.6032789930866427,athlete2,0.5466456225931534,closed_guard1,0.9453815956983821,True,True,159.5,196.2,170.6,161.5,False
5299.0,back,0.846265255910371,athlete2,0.4841331102062561,closed_guard1,0.3516563425769974,True,True,131.5,246.6,178.7,167.5,False
5299.5,unknown,0.0,athlete2,0.0,unknown,0.0,False,False,,,,,
5300.0,unknown,0.0,athlete2,0.0,unknown,0.0,False,False,,,,,
5300.5,unknown,0.0,athlete2,0.0,unknown,0.0,False,False,,,,,
5301.0,unknown,0.0,athlete2,0.0,unknown,0.0,False,False,,,,,
5301.5,unknown,0.0,athlete2,0.0,unknown,0.0,False,False,,,,,
5302.0,unknown,0.0,athlete2,0.0,unknown,0.0,False,False,,,,,
5302.5,unknown,0.0,athlete2,0.0,unknown,0.0,False,False,,,,,
5303.0,unknown,0.0,athlete2,0.0,unknown,0.0,False,False,,,,,
5303.5,unknown,0.0,athlete2,0.0,unknown,0.0,False,False,,,,,
5304.0,unknown,0.0,athlete2,0.0,unknown,0.0,False,False,,,,,
5304.5,unknown,0.0,athlete2,0.0,unknown,0.0,False,False,,,,,
5305.0,unknown,0.0,athlete2,0.0,unknown,0.0,False,False,,,,,
5305.5,unknown,0.0,athlete2,0.0,unknown,0.0,False,False,,,,,
5306.0,turtle,0.6935090811998443,athlete2,0.6662968449533139,turtle2,0.7399123916882578,True,True,175.3,207.8,144.0,155.2,False
5306.5,turtle,0.652490625230287,athlete2,0.7471473867869338,turtle2,0.7698907675267846,True,True,175.9,250.5,151.7,175.8,False
5307.0,unknown,0.0,athlete2,0.0,unknown,0.0,False,False,,,,,
5307.5,unknown,0.0,athlete2,0.0,unknown,0.0,False,False,,,,,
5308.0,unknown,0.0,athlete2,0.0,unknown,0.0,False,False,,,,,
5308.5,unknown,0.0,athlete2,0.0,unknown,0.0,False,False,,,,,
5309.0,unknown,0.0,athlete2,0.0,unknown,0.0,False,False,,,,,
5309.5,unknown,0.0,athlete2,0.0,unknown,0.0,False,False,,,,,
5310.0,unknown,0.0,athlete2,0.0,unknown,0.0,False,False,,,,,
5310.5,unknown,0.0,athlete2,0.0,unknown,0.0,False,False,,,,,
5311.0,unknown,0.0,athlete2,0.0,unknown,0.0,False,False,,,,,
5311.5,unknown,0.0,athlete2,0.0,unknown,0.0,False,False,,,,,
5312.0,unknown,0.0,athlete2,0.0,unknown,0.0,False,False,,,,,
5312.5,takedown,0.733700554032441,athlete2,0.7018694895356898,takedown1,0.35378200061804066,True,True,138.6,157.3,144.0,161.0,True
5313.0,takedown,0.5307062762604737,athlete2,0.7165024082796453,takedown1,0.3984289438405887,True,True,67.0,141.6,139.0,169.4,False
5313.5,takedown,0.5459175162489055,athlete2,0.877832200359812,takedown1,0.6210972238572803,True,True,103.0,169.9,162.7,146.5,True
5314.0,takedown,0.0,athlete2,0.0,takedown1,0.0,False,False,,,,,
5314.5,takedown,0.746040055117985,athlete2,0.6117731966987643,takedown1,0.609061671406853,True,True,162.3,168.1,174.8,193.4,True
5315.0,takedown,0.5858610584955135,athlete2,0.8324908080661263,takedown1,0.6258900648811713,True,True,160.7,166.7,169.2,190.6,False
5315.5,takedown,0.37077289267382774,athlete2,0.7977089721176058,takedown1,0.48201948737842176,True,True,159.9,165.8,68.5,175.8,False
5316.0,takedown,0.2699422977869586,athlete2,0.7842910739677834,takedown1,0.6824028456828041,True,True,162.2,169.7,68.6,174.9,False
5316.5,takedown,0.6422437830110809,athlete2,0.7991672609016969,takedown1,0.4295492078852254,True,True,167.6,169.8,68.6,174.3,False
5317.0,takedown,0.4993228566534004,athlete2,0.778988904760294,takedown1,0.5250650658419044,True,True,165.7,168.2,68.4,174.4,False
5317.5,takedown,0.5828722870581252,athlete2,0.8215276121112995,takedown1,0.24779992421163882,True,True,163.3,166.6,68.2,174.4,False
5318.0,takedown,0.47543500539918265,athlete2,0.5674188638147835,takedown1,0.7173602941073397,True,True,165.0,169.4,68.4,174.2,False
5318.5,takedown,0.5926815593792002,athlete2,0.7714240829865561,takedown1,0.38652914502648994,True,True,161.1,172.2,68.4,174.6,False
5319.0,takedown,0.6829743829344875,athlete2,0.7539479187093575,takedown1,0.45443068706575657,True,True,161.3,174.2,68.5,174.2,True
5319.5,takedown,0.6912193746171769,athlete2,0.7630180254574784,takedown1,0.6803500001573745,True,True,171.3,177.6,68.4,174.5,False
5320.0,open_guard,0.5872534661194863,athlete2,0.6897326823970634,open_guard1,0.3885303992845091,True,True,167.1,172.4,68.4,174.0,True
5320.5,open_guard,0.639016719702413,athlete2,0.6390527776475146,open_guard1,0.37967966376856055,True,True,163.3,173.1,67.8,173.2,False
5321.0,open_guard,0.3940234543156519,athlete2,0.9089187702334343,open_guard1,0.5503568005964643,True,True,237.2,124.1,143.6,179.0,False
5321.5,open_guard,0.43385692951654564,athlete2,0.8624860371954207,open_guard1,0.5221111312498871,True,True,234.2,126.0,169.2,187.5,False
5322.0,open_guard,0.3226388165127824,athlete2,0.8002781505492949,open_guard1,0.3669104147430906,True,True,232.4,122.6,142.5,184.0,False
5322.5,open_guard,0.4135180953897389,athlete2,0.7848416055984404,open_guard1,0.3675139053947599,True,True,224.0,120.9,142.6,174.5,False
5323.0,open_guard,0.5210944830858728,athlete2,0.682186082971098,open_guard1,0.5210233261863018,True,True,216.7,120.2,134.4,174.2,False
5323.5,open_guard,0.5018757479144499,athlete2,0.7072325098247172,open_guard1,0.696905848329451,True,True,219.3,119.0,150.5,173.2,False
5324.0,open_guard,0.6426530594208675,athlete2,0.6716259282672898,open_guard1,0.7340583323843376,True,True,218.1,118.3,159.8,184.3,False
5324.5,open_guard,0.4161180048120453,athlete2,0.7630339990219469,open_guard1,0.8612875606825965,True,True,218.6,118.0,134.1,174.7,False
5325.0,open_guard,0.4602642664477313,athlete2,0.7228359685413936,open_guard1,0.9170805856520915,True,True,221.0,117.1,138.8,174.8,False
5325.5,open_guard,0.4523537346007732,athlete2,0.7372410600371141,open_guard1,0.5748710563954211,True,True,222.7,117.5,129.3,168.7,False
5326.0,open_guard,0.8268053463675131,athlete2,0.8614099277589463,open_guard1,0.9846546668239489,True,True,225.9,121.3,147.9,191.5,False
5326.5,open_guard,0.4578394003415022,athlete2,0.845389827770208,open_guard1,0.9724846900885512,True,True,233.6,122.0,157.3,205.1,False
5327.0,open_guard,0.3555538828292802,athlete2,0.8296641767307665,open_guard1,0.9231151355251214,True,True,234.6,118.9,175.7,169.7,False
5327.5,open_guard,0.4147497666217762,athlete2,0.7514767017487876,open_guard1,0.9738393501694869,True,True,230.8,124.6,156.1,184.6,False
5328.0,open_guard,0.4405607712529896,athlete2,0.7445989504450726,open_guard1,0.9803520104433985,True,True,228.2,125.5,150.9,168.8,False
5328.5,open_guard,0.3825343780431788,athlete2,0.821374928547078,open_guard1,0.8931632600445093,True,True,227.6,124.4,157.8,181.8,False
5329.0,open_guard,0.6459920033748822,athlete2,0.7258509515030535,open_guard1,0.6892684834567278,True,True,237.8,121.9,130.3,153.4,False
5329.5,open_guard,0.43453555600346805,athlete2,0.7019696237994132,open_guard1,0.8697950219929491,True,True,243.7,120.3,175.9,165.5,False
5330.0,open_guard,0.4510989294505207,athlete2,0.4933819416874302,open_guard1,0.6335710418496351,True,True,246.0,119.9,179.8,171.0,False
5330.5,open_guard,0.728666216760118,athlete2,0.7443108544689072,open_guard1,0.9197252637625858,True,True,247.2,118.8,176.6,173.2,False
5331.0,open_guard,0.40938118762201375,athlete2,0.39422440272291803,open_guard1,0.4632665156261939,True,True,245.3,120.6,146.3,164.9,False
5331.5,open_guard,0.5664795816967442,athlete2,0.7710307190074072,open_guard1,0.9596233801810322,True,True,252.9,116.0,129.4,169.0,False
5332.0,open_guard,0.5021049278168609,athlete2,0.49211114816447454,open_guard1,0.7631450256672245,True,True,257.4,115.0,161.5,156.4,False
5332.5,open_guard,0.41921167843968205,athlete2,0.8159875955297327,open_guard1,0.5240461251634886,True,True,255.0,122.9,179.1,180.8,False
5333.0,open_guard,0.338773943228834,athlete2,0.6345996917359996,open_guard1,0.3707534991299836,True,True,251.8,121.9,172.7,160.6,False
5333.5,open_guard,0.3613191958643131,athlete2,0.7483496291307555,open_guard1,0.7241149283098914,True,True,254.5,120.3,154.8,177.1,False
5334.0,open_guard,0.6455895121498281,athlete2,0.830499207780134,open_guard1,0.9119186513802743,True,True,252.5,121.3,170.4,180.3,False
5334.5,open_guard,0.9588787607750424,athlete2,0.8538520707018836,open_guard1,0.9965734022273337,True,True,160.8,93.7,125.8,173.0,False
5335.0,open_guard,0.7910258080919514,athlete2,0.5226952924388584,open_guard1,0.3911904219258557,True,True,195.9,171.5,188.7,154.1,True
5335.5,open_guard,0.9997663173708266,athlete2,0.9999308313924297,open_guard1,0.5431803342923159,True,True,188.1,170.5,157.6,96.1,False
5336.0,open_guard,0.9157650356659774,athlete1,0.9872080675223714,open_guard1,0.9986589241716408,True,True,174.9,168.9,152.2,99.8,False
5336.5,open_guard,0.921673513821078,athlete1,0.8279266599746522,open_guard1,0.9770362793574304,True,True,137.3,171.1,143.4,97.3,False
5337.0,open_guard,0.7678437503393918,athlete1,0.9933982508132604,open_guard1,0.9384774843418449,True,True,129.5,181.5,150.6,94.3,False
5337.5,open_guard,0.904640049619465,athlete1,0.8504808266535655,open_guard1,0.9257882059754121,True,True,140.5,179.3,167.3,95.8,False
5338.0,open_guard,0.8536608775085084,athlete1,0.5663846815009774,open_guard2,0.6236415637473465,True,True,135.9,180.2,173.4,102.5,False
5338.5,open_guard,0.0,athlete1,0.0,open_guard2,0.0,False,False,,,,,
5339.0,open_guard,0.8976354271692549,athlete1,0.9950989022757039,open_guard2,0.9685424706276504,True,True,155.6,180.1,208.7,91.4,False
5339.5,open_guard,0.9235384752512711,athlete1,0.5664563059646069,open_guard2,0.9064690551821736,True,True,163.9,171.9,228.5,90.6,False
5340.0,open_guard,0.9765470351705116,athlete1,0.661199906597433,open_guard2,0.9940810819056236,True,True,159.9,171.5,203.1,157.9,False
5340.5,open_guard,0.6137008274560422,athlete1,0.7431241587429963,open_guard2,0.4017333217263535,True,True,163.9,177.1,221.2,159.7,False
5341.0,open_guard,0.8125397255009272,athlete1,0.47124517693991913,open_guard2,0.5234473768510411,True,True,164.3,173.1,214.5,172.9,False
5341.5,open_guard,0.9708990354838013,athlete1,0.6040750411133285,open_guard2,0.6027628096170812,True,True,172.9,156.7,212.0,169.3,True
5342.0,open_guard,0.5768925806989094,athlete1,0.5005229397672629,open_guard2,0.3178307137597225,True,True,161.7,163.1,187.5,172.8,False
5342.5,open_guard,0.5529023171273482,athlete1,0.9734806620216664,open_guard2,0.9923387427453363,True,True,181.8,165.3,296.2,103.1,True
5343.0,open_guard,0.7038933776775907,athlete1,0.7318856818432546,open_guard2,0.7551906246760737,True,True,169.3,164.7,293.5,105.9,False
5343.5,open_guard,0.989153988446027,athlete1,0.5706872569728756,open_guard2,0.8687178131072035,True,True,157.3,168.7,298.2,118.7,False
5344.0,open_guard,0.770510694867008,athlete1,0.5224462958752181,open_guard2,0.6495098578487378,True,True,163.6,172.3,307.4,120.1,False
5344.5,open_guard,0.0,athlete1,0.0,open_guard2,0.0,False,False,,,,,
5345.0,open_guard,0.5504323025052758,athlete1,0.4775234058163013,open_guard2,0.862354213892893,True,True,143.1,165.9,309.8,112.0,False
5345.5,open_guard,0.0,athlete1,0.0,open_guard2,0.0,False,False,,,,,
5346.0,open_guard,0.9756834751171571,athlete1,0.9515815433916559,open_guard2,0.9365029076268355,True,True,103.7,109.6,147.1,183.4,True
5346.5,open_guard,0.707256466990193,athlete1,0.6785428185134864,open_guard2,0.4884178668092041,True,True,186.0,158.7,109.8,188.6,False
5347.0,open_guard,0.7095406182198964,athlete1,0.49323463895691205,open_guard2,0.4762569494108981,True,True,177.0,159.0,110.3,183.0,False
5347.5,open_guard,0.8225519716843918,athlete1,0.6435379907631529,open_guard2,0.6236408151905632,True,True,172.3,159.3,103.9,189.6,False
5348.0,open_guard,0.4609269812070897,athlete1,0.4183013644174626,open_guard2,0.34096636315044987,True,True,186.0,163.9,108.4,187.4,False
5348.5,open_guard,0.38843974973741596,athlete1,0.4287247586193565,open_guard2,0.41782906801293496,True,True,196.8,167.4,110.4,189.8,False
5349.0,open_guard,0.7131851623542513,athlete1,0.5621661865294946,open_guard2,0.6533030213892624,True,True,186.0,162.3,112.6,191.3,False
5349.5,open_guard,0.9991711973619469,athlete1,0.5549872085069621,open_guard2,0.7631930347142699,True,True,178.3,150.8,118.8,186.1,False
5350.0,open_guard,0.46433864237178685,athlete1,0.8300031627487358,open_guard2,0.9767066552170817,True,True,203.0,161.7,112.4,187.6,False
5350.5,open_guard,0.5467703499292457,athlete1,0.6924393104797676,open_guard2,0.8470064560172006,True,True,162.3,158.6,115.1,195.5,False
5351.0,open_guard,0.4453889958223648,athlete1,0.818898970212274,open_guard2,0.8702661972802839,True,True,228.5,164.5,191.8,109.6,True
5351.5,open_guard,0.7902058225879142,athlete1,0.7651794737198498,open_guard2,0.986632773854077,True,True,212.5,105.6,184.6,184.1,True
5352.0,open_guard,0.6153800710819003,athlete2,0.9203177822192957,open_guard2,0.9838549074907335,True,True,206.3,126.8,200.7,160.3,False
5352.5,open_guard,0.637558609083609,athlete2,0.7097685087995157,open_guard2,0.9723199070009713,True,True,198.4,93.1,196.4,169.3,False
5353.0,open_guard,0.5923640430909608,athlete2,0.7385952889708849,open_guard2,0.7414634631091196,True,True,208.9,94.6,182.9,167.9,False
5353.5,open_guard,0.4075422475920708,athlete2,0.8043792591804351,open_guard2,0.9010118397838974,True,True,199.1,97.1,196.0,160.9,False
5354.0,open_guard,0.0,athlete2,0.0,open_guard2,0.0,False,False,,,,,
5354.5,open_guard,0.9500664207450399,athlete2,0.6920656008883413,open_guard2,0.9054121027915887,True,True,236.9,124.9,185.1,136.2,False
5355.0,open_guard,0.6709519984825119,athlete2,0.6903114812245454,open_guard2,0.9166736376503546,True,True,206.5,94.0,171.0,154.1,False
5355.5,open_guard,0.9031864317754948,athlete2,0.8483294442733607,open_guard2,0.998881442309607,True,True,207.8,109.4,219.6,166.1,False
5356.0,open_guard,0.3577216086819056,athlete2,0.8503571857609711,open_guard2,0.5469552294415423,True,True,199.2,98.0,202.6,174.0,False
5356.5,open_guard,0.0,athlete2,0.0,open_guard2,0.0,False,False,,,,,
5357.0,open_guard,0.9344085458326505,athlete2,0.7284815377332776,open_guard2,0.9841878845083252,True,True,236.2,114.4,156.5,155.2,False
5357.5,open_guard,0.9786482671080728,athlete2,0.636772449557962,open_guard2,0.9992011267657608,True,True,245.2,122.8,147.3,183.2,False
5358.0,open_guard,0.7345702522125607,athlete2,0.5049733109690233,open_guard2,0.7697727576508002,True,True,225.2,120.0,189.4,163.8,False
5358.5,open_guard,0.6908941995024749,athlete2,0.9641999492610105,open_guard2,0.9990485874281749,True,True,239.6,144.2,166.6,151.9,False
5359.0,open_guard,0.5531556427566008,athlete2,0.6657877909161569,open_guard2,0.6102588743328834,True,True,224.0,138.0,204.6,173.1,False
5359.5,open_guard,0.0,athlete2,0.0,open_guard2,0.0,False,False,,,,,
5360.0,open_guard,0.5820976514409446,athlete2,0.8249822524702702,open_guard2,0.2723053224677834,True,True,176.3,188.8,130.8,175.5,True
5360.5,open_guard,0.4284395728532099,athlete2,0.6939388079851943,open_guard2,0.5335754407160459,True,True,164.2,190.0,123.8,181.5,False
5361.0,open_guard,0.26986825678275855,athlete2,0.6935935021351751,open_guard2,0.3298719626058971,True,True,170.3,197.9,22.7,169.2,False
5361.5,open_guard,0.375970720740283,athlete2,0.7171555433292045,open_guard2,0.5159287925783052,True,True,164.9,180.1,26.2,169.8,False
5362.0,open_guard,0.5994256138023224,athlete2,0.7806660903302491,open_guard2,0.4029422914890256,True,True,167.2,185.2,29.9,169.2,False
5362.5,open_guard,0.40917235453015915,athlete2,0.8049893022797596,open_guard2,0.42765342378816257,True,True,154.5,187.1,38.1,168.6,False
5363.0,open_guard,0.3950459486370093,athlete2,0.39016356644482636,open_guard2,0.44579271122259295,True,True,142.0,178.7,47.4,168.6,False
5363.5,open_guard,0.5091306277615286,athlete2,0.7820227238825355,open_guard2,0.6600713083709563,True,True,165.2,189.4,55.0,170.9,False
5364.0,open_guard,0.49507802570215187,athlete2,0.8698890080309976,open_guard2,0.5964314710596382,True,True,174.3,177.6,61.6,167.5,False
5364.5,open_guard,0.9157968580210417,athlete2,0.9410211525506805,open_guard2,0.7768178572114833,True,True,167.1,183.2,69.6,170.4,False
5365.0,open_guard,0.6358166624550887,athlete2,0.8762163343785747,open_guard2,0.5899980386952175,True,True,152.9,186.8,69.3,170.2,False
5365.5,open_guard,0.5265427514458763,athlete2,0.9674498549411009,open_guard2,0.870006114295116,True,True,159.7,188.7,72.2,162.7,False
5366.0,open_guard,0.7450634010857669,athlete2,0.8720293587424309,open_guard2,0.8516385436203181,True,True,149.7,196.4,76.4,162.8,False
5366.5,open_guard,0.8056325321639815,athlete2,0.7971649700735673,open_guard2,0.3515489126319831,True,True,148.7,180.9,80.6,162.6,False
5367.0,open_guard,0.0,athlete2,0.0,open_guard2,0.0,False,False,,,,,
5367.5,open_guard,0.3555418031698021,athlete2,0.9932155451316925,open_guard2,0.6702858630667791,True,True,211.1,161.0,140.9,156.1,False
5368.0,open_guard,0.6572285100060915,athlete2,0.9294192252226912,open_guard2,0.9747806430881049,True,True,288.6,131.3,159.3,174.6,True
5368.5,open_guard,0.955028243518253,athlete2,0.4924900369230355,open_guard2,0.4651468422125693,True,True,141.7,207.8,132.0,169.1,True
5369.0,open_guard,0.6809488240581316,athlete2,0.8150314414695894,open_guard2,0.4972943314327625,True,True,132.1,208.8,149.6,159.8,False
5369.5,open_guard,0.8236526403388631,athlete2,0.7200399142041016,open_guard2,0.4740368162676722,True,True,129.8,210.6,158.1,172.0,False
5370.0,open_guard,0.9366901443211946,athlete2,0.8724905010395034,open_guard2,0.8972092506750788,True,True,41.0,138.9,58.7,142.0,True
5370.5,open_guard,0.45224035966251935,athlete2,0.8009168519773282,open_guard2,0.45763153010192786,True,True,52.2,138.6,176.4,171.8,False
5371.0,open_guard,0.42024981771947173,athlete2,0.8816770491277304,open_guard2,0.24343822080864605,True,True,62.9,139.9,167.3,168.4,False
5371.5,open_guard,0.514286100867931,athlete2,0.9547842726780286,open_guard2,0.2896699372441802,True,True,83.3,139.4,187.7,167.6,False
5372.0,open_guard,0.5853608680372224,athlete2,0.9383400324841535,open_guard2,0.32683435113763665,True,True,98.7,138.4,202.2,162.2,False
5372.5,open_guard,0.36460316657602815,athlete2,0.8921685928441587,open_guard2,0.3519318986708393,True,True,98.6,139.0,200.4,155.2,False
5373.0,open_guard,0.6669759385819206,athlete2,0.867871063419835,open_guard2,0.525392584642238,True,True,98.4,139.1,190.4,139.3,False
5373.5,open_guard,0.8654608704187823,athlete2,0.924481330341586,open_guard2,0.791804090137893,True,True,86.5,139.3,108.1,139.3,True
5374.0,open_guard,0.5833761606922683,athlete2,0.9326471400573739,open_guard2,0.45701673416165606,True,True,66.1,137.3,152.0,153.3,True
5374.5,open_guard,0.6224143012562865,athlete2,0.918785330916537,open_guard2,0.38679957302772205,True,True,51.2,136.1,148.4,145.2,False
5375.0,open_guard,0.7216483525385516,athlete2,0.9045432242925066,open_guard2,0.7059510896549426,True,True,39.5,136.7,138.7,163.0,False
5375.5,unknown,0.0,athlete2,0.0,unknown,0.0,False,False,,,,,
5376.0,unknown,0.0,athlete2,0.0,unknown,0.0,False,False,,,,,
5376.5,unknown,0.0,athlete2,0.0,unknown,0.0,False,False,,,,,
5377.0,unknown,0.0,athlete2,0.0,unknown,0.0,False,False,,,,,
5377.5,standing,0.5312338192515966,athlete2,0.9894477278127426,standing,0.6490114775969968,True,True,202.4,174.2,167.7,177.0,False
5378.0,standing,0.0,athlete2,0.0,standing,0.0,False,False,,,,,
5378.5,standing,0.7200121523709863,athlete1,0.8863669202803197,standing,0.3685833738496759,True,True,172.9,165.3,144.5,161.6,True
5379.0,standing,0.0,athlete1,0.0,standing,0.0,False,False,,,,,
5379.5,standing,0.9593378872334941,athlete1,0.40216662711112283,standing,0.4930047653444684,True,True,160.5,173.1,111.4,144.2,False
5380.0,standing,0.6381208735679519,athlete1,0.6311446184873373,standing,0.5584475467775263,True,True,166.2,172.4,107.1,136.3,False
5380.5,standing,0.2840714155081845,athlete1,0.5325833401510132,standing,0.4963962098326068,True,True,168.6,181.8,115.7,138.5,False
5381.0,standing,0.5196440135019377,athlete1,0.6232114979311496,standing,0.2466690766025945,True,True,177.9,176.3,119.2,147.0,False
5381.5,standing,0.9746443833570626,athlete1,0.846829117591357,standing,0.4929032781286569,True,True,173.0,175.9,121.2,157.0,False
5382.0,standing,0.5577264216340634,athlete1,0.36016707954572175,standing,0.6267376383371018,True,True,178.1,169.0,137.3,166.7,False
5382.5,standing,0.6208952580934787,athlete1,0.7983550488237714,standing,0.2623321387157577,True,True,193.7,173.6,151.5,142.7,False
5383.0,standing,0.6202209226134808,athlete1,0.48699280534702777,standing,0.38390725650739616,True,True,191.6,179.3,128.9,143.6,False
5383.5,standing,0.9584455757298953,athlete1,0.7441993041670131,standing,0.9032861508291117,True,True,189.2,179.7,173.6,172.5,False
5384.0,standing,0.0,athlete1,0.0,standing,0.0,False,False,,,,,
5384.5,standing,0.7849208233176888,athlete1,0.45895415847864235,standing,0.7115940818804076,True,True,152.6,163.4,121.3,124.9,False
5385.0,standing,0.0,athlete1,0.0,standing,0.0,False,False,,,,,
5385.5,standing,0.0,athlete1,0.0,standing,0.0,False,False,,,,,
5386.0,standing,0.0,athlete1,0.0,standing,0.0,False,False,,,,,
5386.5,standing,0.6988624051301762,athlete1,0.6591243091615262,standing,0.7370833640277638,True,True,174.6,136.0,137.3,187.3,True
5387.0,standing,0.8379080682358083,athlete1,0.6765597048775214,standing,0.5723280559764021,True,True,175.1,134.8,138.5,186.3,False
5387.5,standing,0.8875658456192851,athlete1,0.7622675354049312,standing,0.7093554823381308,True,True,175.0,133.8,135.8,184.2,False
5388.0,standing,0.957679011781744,athlete1,0.9129722622927854,standing,0.9024092495947503,True,True,175.7,133.9,130.2,183.9,False
5388.5,standing,0.9041713009381012,athlete1,0.895849593549934,standing,0.716334861722807,True,True,178.9,133.9,136.5,186.1,False
5389.0,takedown,0.47267958020985695,athlete1,0.7777369778650728,takedown2,0.9856245716193566,True,True,181.3,133.3,138.7,189.6,False
5389.5,takedown,0.6890960151566049,athlete1,0.7547997275784045,takedown2,0.6275433405083471,True,True,182.9,132.6,141.8,187.9,False
5390.0,takedown,0.9700284646920032,athlete1,0.923263161881486,takedown2,0.9268561494399967,True,True,184.3,133.6,141.0,188.2,False
5390.5,takedown,0.8796897304034921,athlete1,0.9266137515563939,takedown2,0.5427250138788406,True,True,184.9,132.8,140.5,188.0,False
5391.0,takedown,0.7324267610071468,athlete1,0.5472126703721902,takedown2,0.6498280723626899,True,True,183.4,133.4,143.0,185.3,False
5391.5,takedown,0.8868139917897645,athlete1,0.7194555964208712,takedown2,0.645866990743722,True,True,176.5,134.0,139.1,188.8,False
5392.0,takedown,0.8599708362729808,athlete1,0.766003367452372,takedown2,0.6503264995356356,True,True,173.3,139.6,135.2,190.3,False
5392.5,takedown,0.6812547922197617,athlete1,0.7389743893842111,takedown2,0.38730117570065525,True,True,170.6,148.1,142.3,191.3,False
5393.0,takedown,0.3219627260555265,athlete1,0.7506331547979661,takedown2,0.766934074935667,True,True,150.6,158.8,147.3,189.4,False
5393.5,takedown,0.3535280434958047,athlete1,0.3838434564513153,takedown2,0.2696265109761256,True,True,152.7,154.7,146.3,189.1,False
5394.0,takedown,0.46275454475603567,athlete1,0.41321296976823446,takedown2,0.6408928266321666,True,True,160.1,149.8,137.6,188.0,False
5394.5,takedown,0.6112632175850633,athlete1,0.8115026842175178,takedown2,0.4777009965578062,True,True,158.8,147.8,131.4,185.2,False
5395.0,takedown,0.522253313788381,athlete1,0.6628424466647358,takedown2,0.5999821880458401,True,True,157.9,149.0,139.1,186.3,False
5395.5,takedown,0.5895946430488332,athlete1,0.5833666176404839,takedown2,0.4780178632225018,True,True,157.4,145.1,146.9,191.4,False
5396.0,takedown,0.0,athlete1,0.0,takedown2,0.0,False,False,,,,,
5396.5,takedown,0.0,athlete1,0.0,takedown2,0.0,False,False,,,,,
5397.0,takedown,0.5486733187420977,athlete1,0.49151452606381574,takedown2,0.5141866936516564,True,True,170.9,148.0,139.5,185.2,False
5397.5,takedown,0.5356113727026917,athlete1,0.6348307798797898,takedown2,0.5769794350753134,True,True,167.5,145.9,140.0,186.2,False
5398.0,takedown,0.6514356249022702,athlete1,0.5233387937959428,takedown2,0.5214285833236382,True,True,166.0,142.5,142.6,184.6,False
5398.5,takedown,0.5237903550613477,athlete1,0.7157765514357105,takedown2,0.31591254454350165,True,True,162.0,141.2,135.5,186.4,False
5399.0,takedown,0.5629700154395366,athlete1,0.5869073813618436,takedown2,0.3876805212031515,True,True,162.1,139.1,140.6,185.9,False
5399.5,takedown,0.5643254863935102,athlete1,0.5306885231662285,takedown2,0.4015427448306641,True,True,167.2,135.9,140.3,184.9,False
5400.0,takedown,0.5399129227404713,athlete1,0.6309743726755012,takedown2,0.3729943751082382,True,True,169.2,133.9,142.2,186.2,False
5400.5,takedown,0.5188355080863112,athlete1,0.5518114490279721,takedown2,0.37930183451594757,True,True,165.5,133.1,144.0,188.0,False
5401.0,takedown,0.5717389280364774,athlete1,0.6219955434162946,takedown2,0.3798234072313349,True,True,166.3,129.3,144.6,187.2,False
5401.5,takedown,0.6772495733706042,athlete1,0.6594410477892545,takedown2,0.5255415693742956,True,True,182.7,128.1,146.7,186.9,False
5402.0,takedown,0.5009168776050205,athlete1,0.7556879137013295,takedown2,0.8051505504399167,True,True,193.5,131.0,143.0,185.7,False
5402.5,takedown,0.6405442166076907,athlete1,0.875633178151051,takedown2,0.35560469296579406,True,True,209.6,133.3,144.8,184.5,False
5403.0,takedown,0.7360061004606522,athlete1,0.4608131269440313,takedown2,0.5610230009698646,True,True,227.2,136.0,142.3,188.4,False
5403.5,takedown,0.7097132009801179,athlete1,0.4949754903463219,takedown2,0.6219428008139691,True,True,232.7,140.5,142.7,185.7,False
5404.0,takedown,0.5636579655153886,athlete1,0.507259442433804,takedown2,0.7891043980125835,True,True,235.8,143.8,142.1,187.7,False
5404.5,takedown,0.0,athlete1,0.0,takedown2,0.0,False,False,,,,,
5405.0,takedown,0.0,athlete1,0.0,takedown2,0.0,False,False,,,,,
5405.5,takedown,0.0,athlete1,0.0,takedown2,0.0,False,False,,,,,
5406.0,takedown,0.5747094652740249,athlete1,0.7975276299768065,takedown2,0.3467079597178573,True,True,205.0,195.3,173.9,182.0,True
5406.5,takedown,0.0,athlete1,0.0,takedown2,0.0,False,False,,,,,
5407.0,takedown,0.0,athlete1,0.0,takedown2,0.0,False,False,,,,,
5407.5,takedown,0.0,athlete1,0.0,takedown2,0.0,False,False,,,,,
5408.0,takedown,0.9537263575618101,athlete1,0.9362214030151278,takedown2,0.4136255153297665,True,True,209.0,203.4,166.7,158.1,False
5408.5,takedown,0.0,athlete1,0.0,takedown2,0.0,False,False,,,,,
5409.0,takedown,0.7426421074836717,athlete1,0.6429012126917525,takedown2,0.5240612365649362,True,True,202.5,203.3,161.7,183.4,False
5409.5,takedown,0.2319222171033094,athlete1,0.7366049370679186,takedown2,0.5684557981767684,True,True,204.1,197.2,184.9,165.0,False
5410.0,takedown,0.5442051007271692,athlete1,0.6609829686808958,takedown2,0.815373471930968,True,True,212.6,205.7,175.5,156.8,False
5410.5,takedown,0.8514545182230244,athlete1,0.9069255836078828,takedown2,0.8729692834965109,True,True,184.5,177.3,161.8,156.5,False
5411.0,takedown,0.0,athlete1,0.0,takedown2,0.0,False,False,,,,,
5411.5,takedown,0.34083183625876873,athlete1,0.4983122248643032,takedown2,0.9853691879639075,True,True,209.2,207.3,135.9,154.0,False
5412.0,takedown,0.5187173427676234,athlete1,0.6531745514509596,takedown2,0.28871763644068404,True,True,205.4,205.4,153.4,165.8,False
5412.5,unknown,0.0,athlete1,0.0,unknown,0.0,False,False,,,,,
5413.0,unknown,0.0,athlete1,0.0,unknown,0.0,False,False,,,,,
5413.5,unknown,0.0,athlete1,0.0,unknown,0.0,False,False,,,,,
5414.0,unknown,0.0,athlete1,0.0,unknown,0.0,False,False,,,,,
5414.5,5050_guard,0.8042352423859006,athlete1,0.6809534620479114,5050_guard,0.28546828791338574,True,True,165.8,197.5,183.6,193.7,False
5415.0,5050_guard,0.9546602447051946,athlete1,0.9002347411642436,5050_guard,0.9534652796939234,True,True,150.6,183.7,177.5,197.4,True
5415.5,5050_guard,0.0,athlete1,0.0,5050_guard,0.0,False,False,,,,,
5416.0,5050_guard,0.7850731869506545,athlete1,0.598137648315158,5050_guard,0.29481092320419666,True,True,194.1,202.0,188.1,195.1,True
5416.5,5050_guard,0.0,athlete1,0.0,5050_guard,0.0,False,False,,,,,
5417.0,5050_guard,0.2979816157264734,athlete1,0.5725094514467121,5050_guard,0.31659339574537626,True,True,175.6,194.9,210.9,190.2,False
5417.5,5050_guard,0.0,athlete1,0.0,5050_guard,0.0,False,False,,,,,
5418.0,5050_guard,0.8424549730564241,athlete1,0.8455048440862889,5050_guard,0.6274058369395987,True,True,155.0,200.1,220.2,180.4,False
5418.5,5050_guard,0.705763663584515,athlete1,0.47639022414127624,5050_guard,0.6342716654952394,True,True,16.9,182.0,201.2,159.3,False
5419.0,5050_guard,0.8667811327935158,athlete1,0.6295265840365988,5050_guard,0.8623458693290792,True,True,145.3,185.9,199.4,169.4,False
5419.5,5050_guard,0.9068075914900686,athlete1,0.9724606864989561,5050_guard,0.40501963255294304,True,True,144.2,174.1,191.0,172.5,False
5420.0,5050_guard,0.6984298443398768,athlete1,0.4570058090733922,5050_guard,0.4556861527884315,True,True,169.7,183.0,200.1,174.9,False
5420.5,5050_guard,0.5056466573717266,athlete1,0.8456603054734001,5050_guard,0.30119424492690494,True,True,21.2,177.6,201.9,178.7,True
5421.0,5050_guard,0.9331052414830248,athlete1,0.8350457369813676,5050_guard,0.9478155085594222,True,True,21.3,177.6,157.4,167.7,True
5421.5,5050_guard,0.9786014396670988,athlete1,0.8087810229205901,5050_guard,0.9875968841570641,True,True,21.4,177.2,165.5,167.2,False
5422.0,5050_guard,0.4332990561444266,athlete1,0.64815048756132,5050_guard,0.5817315286388229,True,True,17.8,177.2,182.5,170.7,False
5422.5,5050_guard,0.48737260603325455,athlete1,0.6323684132044366,5050_guard,0.4431887629953765,True,True,13.5,183.8,166.5,169.9,False
5423.0,5050_guard,0.6750617794660836,athlete1,0.5005394063630385,5050_guard,0.7187377994141574,True,True,12.8,195.9,159.1,162.5,False
5423.5,5050_guard,0.0,athlete1,0.0,5050_guard,0.0,False,False,,,,,
5424.0,5050_guard,0.42623111695841387,athlete1,0.42989548265459987,5050_guard,0.7874845075687744,True,True,47.8,185.1,155.3,170.0,False
5424.5,unknown,0.0,athlete1,0.0,unknown,0.0,False,False,,,,,
5425.0,unknown,0.0,athlete1,0.0,unknown,0.0,False,False,,,,,
5425.5,unknown,0.0,athlete1,0.0,unknown,0.0,False,False,,,,,
5426.0,unknown,0.0,athlete1,0.0,unknown,0.0,False,False,,,,,
5426.5,unknown,0.0,athlete1,0.0,unknown,0.0,False,False,,,,,
5427.0,unknown,0.0,athlete1,0.0,unknown,0.0,False,False,,,,,
5427.5,unknown,0.0,athlete1,0.0,unknown,0.0,False,False,,,,,
5428.0,standing,0.6254685037312172,athlete1,0.6127118719852894,standing,0.5854319757060622,True,True,185.3,201.2,113.8,185.2,False
5428.5,standing,0.7513483235711119,athlete1,0.5337519197285061,standing,0.6246812745894789,True,True,233.7,199.2,141.6,179.3,False
5429.0,standing,0.5638231214262635,athlete1,0.4884180691902379,standing,0.45501967812446625,True,True,279.6,188.2,143.1,180.0,False
5429.5,standing,0.6111890437466706,athlete1,0.7735642114912749,standing,0.7514136567648294,True,True,286.4,186.8,143.3,178.3,False
5430.0,standing,0.2949523717064669,athlete1,0.7130856102375212,standing,0.589646353297616,True,True,239.1,168.3,154.0,179.3,True
5430.5,standing,0.79235226578043,athlete1,0.8615902571176368,standing,0.3666093553247258,True,True,214.0,193.1,176.5,175.8,True
5431.0,standing,0.4141144113621766,athlete1,0.947107800387386,standing,0.2983832770949026,True,True,207.3,194.1,147.0,172.7,False
5431.5,standing,0.0,athlete1,0.0,standing,0.0,False,False,,,,,
5432.0,standing,0.3847502172458309,athlete1,0.7804486218259131,standing,0.5695283318326145,True,True,199.3,179.2,146.6,181.7,True
5432.5,standing,0.9855456638324974,athlete1,0.5349494652666407,standing,0.3252461552638689,True,True,188.9,199.4,160.3,182.8,True
5433.0,standing,0.830520816561872,athlete1,0.7590641647500893,standing,0.9704141414031606,True,True,187.3,197.7,158.1,197.7,False
5433.5,standing,0.7270631369855859,athlete1,0.653273848185243,standing,0.9439041601290785,True,True,207.0,184.7,163.6,187.9,True
5434.0,standing,0.44303825228080834,athlete1,0.3799046611809447,standing,0.8699421494611251,True,True,203.5,177.2,165.0,179.0,False
5434.5,standing,0.0,athlete1,0.0,standing,0.0,False,False,,,,,
5435.0,standing,0.0,athlete1,0.0,standing,0.0,False,False,,,,,
5435.5,standing,0.5902094932968756,athlete1,0.6501243395261944,standing,0.41696888889296607,True,True,194.9,186.2,156.6,168.9,True
5436.0,standing,0.44371537613334144,athlete1,0.8927838941866384,standing,0.8187246859539143,True,True,306.3,93.9,152.6,169.5,True
5436.5,standing,0.9295829595327566,athlete2,0.9962268661477166,standing,0.9991519354667407,True,True,305.2,108.5,152.8,172.9,False
5437.0,standing,0.0,athlete2,0.0,standing,0.0,False,False,,,,,
5437.5,standing,0.0,athlete2,0.0,standing,0.0,False,False,,,,,
5438.0,standing,0.0,athlete2,0.0,standing,0.0,False,False,,,,,
5438.5,standing,0.8172313694857761,athlete2,0.7790894779085765,standing,0.696878927738925,True,True,179.2,183.8,181.3,160.7,True
5439.0,standing,0.35811053280846616,athlete2,0.8125226204552594,standing,0.3563768947172175,True,True,164.7,201.8,152.1,177.1,False
5439.5,standing,0.36180483638033867,athlete2,0.6001116397391697,standing,0.8837716606135739,True,True,158.1,214.3,160.0,166.7,False
5440.0,standing,0.9798160439789402,athlete2,0.9362082407933845,standing,0.9829048568092333,True,True,66.0,159.5,186.3,154.7,False
5440.5,standing,0.9218921096949041,athlete2,0.922739731003326,standing,0.9279601142020749,True,True,106.2,159.0,192.2,156.7,False
5441.0,standing,0.46590344037677306,athlete2,0.9148889294042745,standing,0.32212272700115957,True,True,97.8,161.6,163.5,132.3,False
5441.5,standing,0.9852460006408184,athlete2,0.9394415897588198,standing,0.9925566676419175,True,True,96.2,156.2,148.5,157.4,True
5442.0,standing,0.9071203680907756,athlete2,0.9249495724920311,standing,0.938574340092719,True,True,97.5,162.4,146.6,160.8,True
5442.5,standing,0.6331583704548154,athlete2,0.8393060814250308,standing,0.6323529298981845,True,True,95.8,162.1,156.7,143.3,False
5443.0,standing,0.0,athlete2,0.0,standing,0.0,False,False,,,,,
5443.5,standing,0.4608199905691393,athlete2,0.5559874464876343,standing,0.3662482012797318,True,True,100.8,207.8,169.6,188.0,False
5444.0,standing,0.0,athlete2,0.0,standing,0.0,False,False,,,,,
5444.5,standing,0.0,athlete2,0.0,standing,0.0,False,False,,,,,
5445.0,standing,0.0,athlete2,0.0,standing,0.0,False,False,,,,,
5445.5,standing,0.7068476020932067,athlete2,0.715909489579932,standing,0.6579483731862715,True,True,125.5,163.1,175.8,168.2,True
5446.0,standing,0.7949385991606733,athlete2,0.5222503805347569,standing,0.3557672680125655,True,True,107.3,163.2,172.8,171.2,False
5446.5,standing,0.31679744137205257,athlete2,0.7917044251253346,standing,0.4507970343050536,True,True,95.0,161.2,167.8,164.5,False
5447.0,standing,0.890250089948044,athlete2,0.8839164915644117,standing,0.8687718827698354,True,True,108.4,165.6,182.7,168.6,False
5447.5,unknown,0.0,athlete2,0.0,unknown,0.0,False,False,,,,,
5448.0,unknown,0.0,athlete2,0.0,unknown,0.0,False,False,,,,,
5448.5,unknown,0.0,athlete2,0.0,unknown,0.0,False,False,,,,,
5449.0,unknown,0.0,athlete2,0.0,unknown,0.0,False,False,,,,,
5449.5,open_guard,0.518642332954556,athlete2,0.44894479708346674,open_guard2,0.3150288540474766,True,True,184.5,172.0,159.3,174.6,False
5450.0,open_guard,0.6427910537263656,athlete2,0.5661132356367314,open_guard2,0.5532871090886262,True,True,210.2,167.9,157.7,174.2,False
5450.5,open_guard,0.6417837218999424,athlete2,0.4458086001470537,open_guard2,0.6651085492840041,True,True,236.9,163.3,155.0,172.1,False
5451.0,open_guard,0.5841651356757009,athlete2,0.7332211748560624,open_guard2,0.5103819412025976,True,True,254.4,164.8,145.2,169.6,False
5451.5,open_guard,0.43986788252977493,athlete2,0.4880149155772235,open_guard2,0.7460479243045387,True,True,252.1,171.1,127.6,173.8,False
5452.0,open_guard,0.5210733363773447,athlete2,0.5341431428324973,open_guard2,0.3051899380325602,True,True,249.0,175.3,138.4,172.5,True
5452.5,open_guard,0.8016405237444968,athlete2,0.6390220868560641,open_guard2,0.5813821911212205,True,True,228.9,177.0,167.4,174.6,False
5453.0,open_guard,0.0,athlete2,0.0,open_guard2,0.0,False,False,,,,,
5453.5,open_guard,0.6866400429855896,athlete2,0.9213956983929974,open_guard2,0.9252979064889814,True,True,174.0,150.3,31.0,126.8,False
5454.0,open_guard,0.9975474251780035,athlete2,0.9999999862158298,open_guard2,0.9694037297467738,True,True,137.8,154.0,26.1,127.2,False
5454.5,open_guard,0.6890623206084475,athlete2,0.9999928552854068,open_guard2,0.9573711987229352,True,True,135.5,150.9,23.6,125.3,False
5455.0,open_guard,0.6934956798762134,athlete2,0.9998633438374644,open_guard2,0.898811095390872,True,True,131.5,153.5,22.7,125.3,False
5455.5,open_guard,0.9990782169772979,athlete2,0.9999999999997309,open_guard2,0.9034860426392651,True,True,134.3,151.1,24.6,125.4,False
5456.0,open_guard,0.9731068072972938,athlete2,0.9999998609697711,open_guard2,0.9472545455986169,True,True,137.6,153.0,29.2,125.2,False
5456.5,open_guard,0.0,athlete2,0.0,open_guard2,0.0,False,False,,,,,
5457.0,open_guard,0.0,athlete2,0.0,open_guard2,0.0,False,False,,,,,
5457.5,open_guard,0.0,athlete2,0.0,open_guard2,0.0,False,False,,,,,
5458.0,open_guard,0.9656262735870353,athlete2,0.9999999148024247,open_guard2,0.6775863324369865,True,True,150.1,149.0,38.6,127.0,False
5458.5,open_guard,0.7274535212088256,athlete2,0.7743134248999689,open_guard2,0.9187620971759952,True,True,152.5,168.1,88.8,90.4,False
5459.0,open_guard,0.7568797626870885,athlete2,0.6969269688572189,open_guard2,0.689857867073203,True,True,181.0,177.9,87.8,88.3,False
5459.5,open_guard,0.7427431505677439,athlete2,0.6170698666498903,open_guard2,0.6826428930033432,True,True,178.8,202.2,235.4,203.3,True
5460.0,open_guard,0.3594377157698076,athlete2,0.8651892789945544,open_guard2,0.6720200378253455,True,True,83.3,91.2,134.6,159.2,False
5460.5,open_guard,0.7428604994550909,athlete2,0.7510990159480837,open_guard2,0.9432289262889146,True,True,86.8,95.5,123.2,161.3,False
5461.0,open_guard,0.9454957935543375,athlete2,0.4962375241149075,open_guard2,0.8634935424260114,True,True,104.4,86.9,125.3,153.5,False
5461.5,open_guard,0.8713870146106363,athlete2,0.9628068125075465,open_guard2,0.9967040435338104,True,True,128.7,95.3,141.5,162.9,False
5462.0,open_guard,0.5157056179978636,athlete2,0.99704801327332,open_guard2,0.92849674718794,True,True,155.9,109.4,135.1,160.8,False
5462.5,open_guard,0.6749145595728168,athlete2,0.9692867058215828,open_guard2,0.6992096143832691,True,True,189.4,106.9,126.6,133.4,False
5463.0,open_guard,0.9944422676018672,athlete2,0.7514853985769098,open_guard2,0.9921126661629853,True,True,225.7,118.7,90.8,134.9,False
5463.5,open_guard,0.9934275054461036,athlete2,0.8299473162613773,open_guard2,0.9891989416998855,True,True,244.2,131.6,73.5,142.6,False
5464.0,open_guard,0.9871726231227241,athlete2,0.5843036487670634,open_guard2,0.975753732686214,True,True,280.0,144.5,77.6,158.7,False
5464.5,open_guard,0.604617211662611,athlete2,0.6165529661144887,open_guard2,0.5563896561526357,True,True,296.2,158.9,196.1,176.8,False
5465.0,open_guard,0.8467572511512182,athlete2,0.788444143991554,open_guard2,0.8819921604568265,True,True,289.5,164.5,204.6,155.6,True
5465.5,open_guard,0.5179656741167539,athlete2,0.7118444186025057,open_guard2,0.5155290069711209,True,True,268.2,171.6,213.4,151.7,False
5466.0,open_guard,0.0,athlete2,0.0,open_guard2,0.0,False,False,,,,,
5466.5,open_guard,0.0,athlete2,0.0,open_guard2,0.0,False,False,,,,,
5467.0,open_guard,0.0,athlete2,0.0,open_guard2,0.0,False,False,,,,,
5467.5,open_guard,0.9492507093861924,athlete2,0.9038222937130939,open_guard2,0.8458727524260998,True,True,266.6,168.3,172.3,163.0,False
5468.0,open_guard,0.34002945431337434,athlete2,0.57813537229118,open_guard2,0.6716805648742106,True,True,300.5,190.9,168.4,178.8,False
5468.5,unknown,0.0,athlete2,0.0,unknown,0.0,False,False,,,,,
5469.0,unknown,0.0,athlete2,0.0,unknown,0.0,False,False,,,,,
5469.5,unknown,0.0,athlete2,0.0,unknown,0.0,False,False,,,,,
5470.0,unknown,0.0,athlete2,0.0,unknown,0.0,False,False,,,,,
5470.5,unknown,0.0,athlete2,0.0,unknown,0.0,False,False,,,,,
5471.0,back,0.554465984244168,athlete2,0.6419432655599338,back2,0.45659396051949913,True,True,151.9,162.9,252.6,138.4,False
5471.5,back,0.8031962415021053,athlete2,0.8830688998306037,back2,0.7214944158165094,True,True,102.3,158.0,187.9,204.5,True
5472.0,back,0.45422608170902257,athlete2,0.7221874497983887,back2,0.5858444887670575,True,True,82.7,151.4,113.5,195.2,False
5472.5,back,0.7510383172903715,athlete2,0.8929677455844398,back2,0.4150979233942473,True,True,246.7,178.0,172.1,138.8,True
5473.0,back,0.875008162131168,athlete2,0.8648252696841643,back2,0.4263709439345763,True,True,233.5,171.2,156.4,116.6,False
5473.5,back,0.8018537626589398,athlete2,0.8494160369591802,back2,0.3761566646532768,True,True,231.4,171.5,159.6,133.2,False
5474.0,back,0.5292566471646357,athlete2,0.7218488676855962,back2,0.8327605712061772,True,True,204.2,143.7,82.5,164.5,True
5474.5,back,0.41330806452217755,athlete2,0.8315587518681123,back2,0.9095710791455951,True,True,98.9,153.9,164.7,130.8,True
5475.0,back,0.5966754419952953,athlete2,0.8640977992814263,back2,0.6205868897793462,True,True,100.9,157.6,161.6,138.4,False
5475.5,back,0.8346603824611029,athlete2,0.947708157293391,back2,0.8138567671738747,True,True,204.7,212.4,187.0,174.9,False
5476.0,back,0.8027183458606841,athlete2,0.5298212709174528,back2,0.46134528556583865,True,True,47.4,215.9,17.3,235.0,True
5476.5,back,0.6552896578471049,athlete2,0.7146497274604143,back2,0.7545178328411759,True,True,55.7,171.7,30.2,218.4,False
5477.0,back,0.8571702451542931,athlete2,0.7354820732176682,back2,0.8714566770359059,True,True,47.9,173.5,21.7,217.8,False
5477.5,back,0.8831893908770514,athlete2,0.7935612621254617,back2,0.5334314067076015,True,True,44.2,175.3,19.0,216.2,False
5478.0,back,0.6341596224852803,athlete2,0.8382997376100023,back2,0.5974725482503273,True,True,43.8,184.3,18.4,216.7,False
5478.5,back,0.6622478036113869,athlete2,0.8349236178603172,back2,0.67049726411116,True,True,49.2,196.5,24.5,216.1,False
5479.0,back,0.9016902100752672,athlete2,0.9066000274437473,back2,0.4752106046063403,True,True,51.9,182.8,26.5,214.7,False
5479.5,back,0.6954860444874201,athlete2,0.9332140675115126,back2,0.7295817443827602,True,True,158.6,173.5,87.7,171.7,True
5480.0,back,0.5528145943198384,athlete2,0.7751439198941543,back2,0.6305324541567427,True,True,146.9,161.8,173.8,153.2,False
5480.5,back,0.3392588689598732,athlete2,0.7274094801514823,back2,0.4242696781050165,True,True,154.4,148.2,229.7,167.8,True
5481.0,back,0.9726595582884459,athlete2,0.9269568630486694,back2,0.9915890028660499,True,True,171.7,186.9,289.8,136.4,True
5481.5,unknown,0.0,athlete2,0.0,unknown,0.0,False,False,,,,,
5482.0,unknown,0.0,athlete2,0.0,unknown,0.0,False,False,,,,,
5482.5,unknown,0.0,athlete2,0.0,unknown,0.0,False,False,,,,,
5483.0,unknown,0.0,athlete2,0.0,unknown,0.0,False,False,,,,,
5483.5,unknown,0.0,athlete2,0.0,unknown,0.0,False,False,,,,,
5484.0,unknown,0.0,athlete2,0.0,unknown,0.0,False,False,,,,,
5484.5,open_guard,0.42911607775172306,athlete2,0.712753364207146,open_guard1,0.9923988923078767,True,True,142.0,181.4,293.5,92.0,False
5485.0,open_guard,0.9909351305297546,athlete2,0.710714819876752,open_guard1,0.7485216175501531,True,True,153.6,181.6,21.6,246.5,True
5485.5,unknown,0.0,athlete2,0.0,unknown,0.0,False,False,,,,,
5486.0,unknown,0.0,athlete2,0.0,unknown,0.0,False,False,,,,,
5486.5,unknown,0.0,athlete2,0.0,unknown,0.0,False,False,,,,,
5487.0,unknown,0.0,athlete2,0.0,unknown,0.0,False,False,,,,,
5487.5,unknown,0.0,athlete2,0.0,unknown,0.0,False,False,,,,,
5488.0,unknown,0.0,athlete2,0.0,unknown,0.0,False,False,,,,,
5488.5,5050_guard,0.9829581607444655,athlete2,0.9594139148183911,5050_guard,0.877323899789985,True,True,118.9,176.5,22.1,209.3,False
5489.0,5050_guard,0.9296549626660059,athlete2,0.9545138114261603,5050_guard,0.8848696583575864,True,True,158.4,204.0,21.1,202.9,True
5489.5,5050_guard,0.9857744621089773,athlete2,0.8880793000871936,5050_guard,0.9565403863668367,True,True,210.0,189.9,94.0,177.1,False
5490.0,5050_guard,0.8534975986906689,athlete2,0.9695228960153286,5050_guard,0.898031548193613,True,True,223.2,186.0,87.0,169.9,False
5490.5,5050_guard,0.8993872265005479,athlete2,0.931168576053897,5050_guard,0.8517550408726302,True,True,205.6,189.1,90.7,173.8,False
5491.0,5050_guard,0.7766997793234027,athlete2,0.9776384718829005,5050_guard,0.8245015530445708,True,True,225.9,190.1,95.7,161.9,False
5491.5,5050_guard,0.9101405545516866,athlete2,0.949646355311859,5050_guard,0.8763419355999417,True,True,225.6,193.3,87.8,152.8,False
5492.0,5050_guard,0.9217776984234434,athlete2,0.9327358309835978,5050_guard,0.926805740921989,True,True,225.4,193.0,87.8,151.0,False
5492.5,5050_guard,0.9179202684980018,athlete2,0.9405127408494836,5050_guard,0.9226417543734975,True,True,227.7,191.9,88.6,150.0,False
5493.0,5050_guard,0.9244858511773825,athlete2,0.9347858162665164,5050_guard,0.9278321376629435,True,True,227.4,194.8,88.5,149.4,False
5493.5,5050_guard,0.9147995817771831,athlete2,0.9421019164731245,5050_guard,0.8953954168586511,True,True,228.1,194.8,85.4,150.1,False
5494.0,5050_guard,0.8905133587584684,athlete2,0.9588133470805685,5050_guard,0.877732786784717,True,True,229.6,191.6,87.4,149.9,False
5494.5,5050_guard,0.8881455576673849,athlete2,0.9622850464766812,5050_guard,0.8837302570181661,True,True,230.0,194.5,89.0,149.6,False
5495.0,standing,0.9902474650441805,athlete2,0.8538607302305186,standing,0.9867071698290408,True,True,237.9,166.1,176.9,173.6,True
5495.5,standing,0.993610888655978,athlete2,0.8560607218493042,standing,0.9892673606507197,True,True,230.7,166.4,169.8,174.4,False
5496.0,standing,0.9931239658496109,athlete2,0.8443680314188313,standing,0.9898577405344091,True,True,217.3,168.1,163.2,172.7,False
5496.5,standing,0.9932481484597613,athlete2,0.8193818503280077,standing,0.9912067449166857,True,True,224.5,170.3,156.3,172.1,False
5497.0,standing,0.991994995293667,athlete2,0.8355178469295457,standing,0.9895094092798081,True,True,232.7,173.2,161.9,172.0,True
5497.5,standing,0.9948300715795241,athlete2,0.7513949015811126,standing,0.990803712715759,True,True,232.0,172.2,199.2,94.3,False
5498.0,standing,0.9987256969276176,athlete2,0.8253104892450344,standing,0.9966006700227772,True,True,223.9,170.7,193.4,93.6,False
5498.5,standing,0.996630261296544,athlete2,0.728528120930454,standing,0.9931953945042233,True,True,159.0,172.5,189.6,93.7,False
5499.0,standing,0.9955904227334957,athlete2,0.6083930466867449,standing,0.9905164240179762,True,True,162.7,172.2,192.0,95.8,False
5499.5,standing,0.9944471421619124,athlete2,0.667177312186515,standing,0.9894811138845103,True,True,163.2,172.3,195.8,96.8,False
5500.0,standing,0.9937174233894138,athlete2,0.8307281168213334,standing,0.9914212442514515,True,True,162.4,172.4,230.7,169.7,False
5500.5,standing,0.9940197428071444,athlete2,0.8399172098381789,standing,0.9916164410930209,True,True,160.1,172.3,226.7,168.2,False
5501.0,standing,0.9942082718083382,athlete2,0.8348721670030265,standing,0.9914862472169758,True,True,158.0,173.0,225.9,169.5,False
5501.5,standing,0.9943572780424055,athlete2,0.8221167910155455,standing,0.9926387409054106,True,True,162.2,171.6,234.3,169.1,False
5502.0,standing,0.992718450277568,athlete2,0.85375356506794,standing,0.98985766062613,True,True,165.1,172.1,235.0,169.5,False
5502.5,standing,0.9920461563024288,athlete2,0.8385367565918446,standing,0.9886121541722163,True,True,161.3,171.9,227.6,168.7,False
5503.0,standing,0.9928756376015391,athlete2,0.839156003610918,standing,0.9901498852104923,True,True,159.9,172.2,230.3,167.8,False
5503.5,standing,0.9921452720064392,athlete2,0.8306111132563361,standing,0.989168627376901,True,True,161.7,172.0,233.2,168.3,False
5504.0,standing,0.9948516925039534,athlete2,0.8446745615867312,standing,0.9928242244693496,True,True,159.5,172.3,229.2,168.5,False
5504.5,standing,0.9947163178645078,athlete2,0.8504505109977889,standing,0.9924645104504596,True,True,156.6,172.3,221.9,168.8,False
5505.0,standing,0.994137886415252,athlete2,0.8379884778971496,standing,0.9915620562524355,True,True,159.5,171.8,227.6,167.9,False
5505.5,standing,0.993413597420519,athlete2,0.8505894007024456,standing,0.9904551807135887,True,True,160.9,172.1,231.3,166.8,False
5506.0,standing,0.9935543111008047,athlete2,0.8430110960620059,standing,0.9907548890844268,True,True,158.4,172.8,226.3,168.3,False
5506.5,standing,0.9936838623879046,athlete2,0.867364418240087,standing,0.9915333008376721,True,True,157.9,173.1,222.3,168.9,False
5507.0,standing,0.9930536182997117,athlete2,0.8386428815218617,standing,0.9905748634560517,True,True,160.7,172.2,229.7,168.6,False
5507.5,standing,0.992760098330197,athlete2,0.8534955247827187,standing,0.9900770819780745,True,True,161.3,172.0,230.4,168.5,False
5508.0,standing,0.9936880834732792,athlete2,0.8465853802518132,standing,0.991306782475583,True,True,158.2,172.3,226.6,169.0,False
5508.5,standing,0.9934218317045996,athlete2,0.8478626846071055,standing,0.99112427306731,True,True,154.3,172.5,219.6,168.0,False
5509.0,standing,0.9951741195534778,athlete2,0.6470675182942534,standing,0.9922213947463807,True,True,153.7,173.1,219.2,163.6,False
5509.5,standing,0.9955583670046895,athlete2,0.7049553552233067,standing,0.9940872854448446,True,True,140.4,182.3,212.9,175.8,False
5510.0,standing,0.9983903728781705,athlete2,0.6855980880910635,standing,0.9987189775154248,True,True,107.2,186.3,196.3,177.8,False
5510.5,standing,0.8871025891498457,athlete2,0.466793354730628,standing,0.9464612347169544,True,True,65.4,183.1,189.0,174.2,False
5511.0,standing,0.7268456442554122,athlete2,0.7018958251872998,standing,0.6612558656490589,True,True,84.2,127.7,150.5,187.1,True
5511.5,standing,0.0,athlete2,0.0,standing,0.0,False,False,,,,,
5512.0,standing,0.8106010523544156,athlete2,0.9635747160572173,standing,0.8612694586777909,True,True,127.1,190.9,39.2,185.1,True
5512.5,standing,0.8587658996500283,athlete2,0.845852900618683,standing,0.7415824857300944,True,True,157.7,184.0,103.5,189.1,True
5513.0,standing,0.0,athlete2,0.0,standing,0.0,False,False,,,,,
5513.5,standing,0.9945474043863208,athlete2,0.981046888323123,standing,0.970794458082171,True,True,133.4,191.6,224.6,186.5,True
5514.0,standing,0.9741617921438703,athlete2,0.9724244644851138,standing,0.9570515042635409,True,True,179.2,181.6,276.6,183.8,True
5514.5,standing,0.9911138941891955,athlete2,0.9762633827174876,standing,0.9870935605945088,True,True,113.4,189.3,234.2,182.0,True
5515.0,standing,0.0,athlete2,0.0,standing,0.0,False,False,,,,,
5515.5,standing,0.0,athlete2,0.0,standing,0.0,False,False,,,,,
5516.0,standing,0.932423703885566,athlete2,0.9143057466750311,standing,0.7759675046239107,True,True,161.8,181.1,292.3,151.5,False
5516.5,standing,0.8346939339054006,athlete2,0.9701347588545199,standing,0.8136287925058211,True,True,165.9,184.9,265.3,146.8,False
5517.0,standing,0.0,athlete2,0.0,standing,0.0,False,False,,,,,
5517.5,standing,0.0,athlete2,0.0,standing,0.0,False,False,,,,,
5518.0,standing,0.0,athlete2,0.0,standing,0.0,False,False,,,,,
5518.5,standing,0.7066364090537204,athlete2,0.9318467227826568,standing,0.37438312999453227,True,True,157.9,150.7,157.7,149.5,False
5519.0,unknown,0.0,athlete2,0.0,unknown,0.0,False,False,,,,,
5519.5,unknown,0.0,athlete2,0.0,unknown,0.0,False,False,,,,,
5520.0,unknown,0.0,athlete2,0.0,unknown,0.0,False,False,,,,,
5520.5,unknown,0.0,athlete2,0.0,unknown,0.0,False,False,,,,,
5521.0,unknown,0.0,athlete2,0.0,unknown,0.0,False,False,,,,,
5521.5,unknown,0.0,athlete2,0.0,unknown,0.0,False,False,,,,,
5522.0,unknown,0.0,athlete2,0.0,unknown,0.0,False,False,,,,,
5522.5,unknown,0.0,athlete2,0.0,unknown,0.0,False,False,,,,,
5523.0,unknown,0.0,athlete2,0.0,unknown,0.0,False,False,,,,,
5523.5,unknown,0.0,athlete2,0.0,unknown,0.0,False,False,,,,,
5524.0,unknown,0.0,athlete2,0.0,unknown,0.0,False,False,,,,,
5524.5,unknown,0.0,athlete2,0.0,unknown,0.0,False,False,,,,,
5525.0,unknown,0.0,athlete2,0.0,unknown,0.0,False,False,,,,,
5525.5,unknown,0.0,athlete2,0.0,unknown,0.0,False,False,,,,,
5526.0,unknown,0.0,athlete2,0.0,unknown,0.0,False,False,,,,,
5526.5,unknown,0.0,athlete2,0.0,unknown,0.0,False,False,,,,,
5527.0,unknown,0.0,athlete2,0.0,unknown,0.0,False,False,,,,,
5527.5,unknown,0.0,athlete2,0.0,unknown,0.0,False,False,,,,,
5528.0,unknown,0.0,athlete2,0.0,unknown,0.0,False,False,,,,,
5528.5,unknown,0.0,athlete2,0.0,unknown,0.0,False,False,,,,,
5529.0,unknown,0.0,athlete2,0.0,unknown,0.0,False,False,,,,,
5529.5,unknown,0.0,athlete2,0.0,unknown,0.0,False,False,,,,,
5530.0,unknown,0.0,athlete2,0.0,unknown,0.0,False,False,,,,,
5530.5,unknown,0.0,athlete2,0.0,unknown,0.0,False,False,,,,,
5531.0,unknown,0.0,athlete2,0.0,unknown,0.0,False,False,,,,,
5531.5,unknown,0.0,athlete2,0.0,unknown,0.0,False,False,,,,,
5532.0,unknown,0.0,athlete2,0.0,unknown,0.0,False,False,,,,,
5532.5,unknown,0.0,athlete2,0.0,unknown,0.0,False,False,,,,,
5533.0,unknown,0.0,athlete2,0.0,unknown,0.0,False,False,,,,,
5533.5,unknown,0.0,athlete2,0.0,unknown,0.0,False,False,,,,,
5534.0,unknown,0.0,athlete2,0.0,unknown,0.0,False,False,,,,,
5534.5,unknown,0.0,athlete2,0.0,unknown,0.0,False,False,,,,,
5535.0,open_guard,0.5746742686077002,athlete2,0.7543796614945216,open_guard2,0.55202337229181,True,True,162.3,183.8,232.8,177.7,False
5535.5,open_guard,0.5749317326459233,athlete2,0.7536627794861362,open_guard2,0.5521755594996159,True,True,162.3,183.8,232.7,177.7,False
5536.0,open_guard,0.3006740561174287,athlete2,0.6957902163800859,open_guard2,0.6568943188134843,True,True,166.7,187.0,235.3,177.9,False
5536.5,open_guard,0.43407536916723705,athlete2,0.46511754870002786,open_guard2,0.6984152113018611,True,True,176.1,195.5,217.1,179.6,False
5537.0,open_guard,0.3981073746623931,athlete2,0.5094464120438905,open_guard2,0.38215900319842416,True,True,182.8,193.1,238.1,194.8,True
5537.5,open_guard,0.4650336227037993,athlete2,0.5257336462784035,open_guard2,0.3791166135082798,True,True,176.2,192.6,222.7,196.6,False
5538.0,open_guard,0.5719576494530378,athlete2,0.526515363189097,open_guard2,0.5532543777061647,True,True,174.0,192.2,221.9,194.8,False
5538.5,open_guard,0.6921099662131234,athlete2,0.5252418675294344,open_guard2,0.575172717620587,True,True,176.3,189.2,214.6,195.4,False
5539.0,open_guard,0.5556807620811198,athlete2,0.5141429585790661,open_guard2,0.6088589676323127,True,True,168.7,186.6,211.8,192.9,False
5539.5,open_guard,0.39940586641929865,athlete2,0.4200466703355515,open_guard2,0.6508454903352332,True,True,157.8,183.1,196.7,183.0,True
5540.0,open_guard,0.48785526229632203,athlete2,0.6753755298012621,open_guard2,0.8838615251844625,True,True,149.4,180.9,203.9,154.0,False
5540.5,open_guard,0.4684505962611639,athlete2,0.44948342429124793,open_guard2,0.49713816298160446,True,True,150.5,148.1,206.2,184.5,True
5541.0,open_guard,0.3935254037683139,athlete2,0.4714101783991948,open_guard2,0.2946966976917234,True,True,114.1,150.0,110.9,144.2,True
5541.5,open_guard,0.45920471817447,athlete2,0.5746571056920186,open_guard2,0.8991208841278966,True,True,122.4,179.8,75.0,149.4,False
5542.0,open_guard,0.5433548564145594,athlete2,0.6678998591828201,open_guard2,0.9200052399910147,True,True,137.7,174.9,40.9,144.7,False
5542.5,open_guard,0.6398834382202767,athlete2,0.5653642249472637,open_guard2,0.4428868867171697,True,True,141.8,169.1,21.8,158.1,False
5543.0,open_guard,0.0,athlete2,0.0,open_guard2,0.0,False,False,,,,,
5543.5,open_guard,0.3179184109229031,athlete2,0.580790685636796,open_guard2,0.36262222584804527,True,True,148.6,170.9,133.2,167.7,False
5544.0,open_guard,0.3481679875844232,athlete2,0.820502155017863,open_guard2,0.828977557250973,True,True,154.3,174.4,210.6,193.3,True
5544.5,open_guard,0.0,athlete2,0.0,open_guard2,0.0,False,False,,,,,
5545.0,open_guard,0.6132784643689758,athlete2,0.5851795785762188,open_guard2,0.4867487757431418,True,True,151.8,152.4,194.7,185.4,False
5545.5,open_guard,0.49685414841222697,athlete2,0.5168893347333119,open_guard2,0.6162942339414403,True,True,147.0,145.8,182.7,188.1,False
5546.0,open_guard,0.0,athlete2,0.0,open_guard2,0.0,False,False,,,,,
5546.5,open_guard,0.0,athlete2,0.0,open_guard2,0.0,False,False,,,,,
5547.0,open_guard,0.5556991995680151,athlete2,0.8970317403259213,open_guard2,0.9540865288972142,True,True,158.9,139.9,204.6,169.0,False
5547.5,open_guard,0.0,athlete2,0.0,open_guard2,0.0,False,False,,,,,
5548.0,open_guard,0.0,athlete2,0.0,open_guard2,0.0,False,False,,,,,
5548.5,open_guard,0.7332842398199393,athlete2,0.5275173499396949,open_guard2,0.6741272260790034,True,True,167.7,137.9,216.1,167.2,False
5549.0,open_guard,0.6742305669722103,athlete2,0.6055634211641551,open_guard2,0.35780842590057327,True,True,155.5,138.6,207.0,163.9,False
5549.5,open_guard,0.8682826433402528,athlete2,0.4307070370400464,open_guard2,0.8392475862657587,True,True,150.0,133.1,205.1,163.4,False
5550.0,open_guard,0.8945400900970597,athlete2,0.7628264775348448,open_guard2,0.9430053857668784,True,True,208.2,156.0,168.5,151.1,True
5550.5,open_guard,0.0,athlete2,0.0,open_guard2,0.0,False,False,,,,,
5551.0,open_guard,0.0,athlete2,0.0,open_guard2,0.0,False,False,,,,,
5551.5,open_guard,0.7620927405039182,athlete2,0.37675326958044814,open_guard2,0.5420052789447833,True,True,212.7,147.9,169.8,159.9,True
5552.0,open_guard,0.0,athlete2,0.0,open_guard2,0.0,False,False,,,,,
5552.5,open_guard,0.8924932676650966,athlete2,0.817550587637009,open_guard2,0.7415624364699392,True,True,198.4,159.6,144.0,201.1,False
5553.0,open_guard,0.0,athlete2,0.0,open_guard2,0.0,False,False,,,,,
5553.5,open_guard,0.659543505215679,athlete2,0.9891005820335365,open_guard2,0.6318163672696636,True,True,189.2,172.6,165.5,219.6,False
5554.0,open_guard,0.7827973835228996,athlete2,0.8664087011012513,open_guard2,0.7555295025372792,True,True,146.7,176.0,159.2,211.3,False
5554.5,open_guard,0.0,athlete2,0.0,open_guard2,0.0,False,False,,,,,
5555.0,open_guard,0.5365195839638385,athlete2,0.5527675543091443,open_guard2,0.4711586588489306,True,True,198.8,112.4,172.5,196.1,False
5555.5,open_guard,0.34364559221489993,athlete2,0.734001120839238,open_guard2,0.9962180634092956,True,True,200.7,108.1,158.5,184.1,False
5556.0,open_guard,0.3727282344180476,athlete2,0.529392476277653,open_guard2,0.9983429984220255,True,True,200.3,101.8,158.1,175.7,False
5556.5,open_guard,0.8170025317703465,athlete2,0.4994777178215591,open_guard2,0.5909571477696249,True,True,140.6,171.1,277.6,155.4,True
5557.0,open_guard,0.0,athlete2,0.0,open_guard2,0.0,False,False,,,,,
5557.5,open_guard,0.0,athlete2,0.0,open_guard2,0.0,False,False,,,,,
5558.0,open_guard,0.0,athlete2,0.0,open_guard2,0.0,False,False,,,,,
5558.5,open_guard,0.6101368149915375,athlete2,0.8703904968251294,open_guard2,0.322867129475711,True,True,108.4,170.2,132.6,169.6,False
5559.0,open_guard,0.0,athlete2,0.0,open_guard2,0.0,False,False,,,,,
5559.5,open_guard,0.32562696376637396,athlete2,0.7292949418807415,open_guard2,0.8082297199982195,True,True,295.1,146.9,180.5,151.1,True
5560.0,open_guard,0.7807696174279298,athlete2,0.6268169858261992,open_guard2,0.8286884794117952,True,True,294.9,148.3,159.1,153.1,False
5560.5,open_guard,0.6199309604548958,athlete2,0.6061327110251769,open_guard2,0.9445306437888742,True,True,295.6,149.3,194.6,145.3,True
5561.0,open_guard,0.9593718077846421,athlete2,0.9093343932356484,open_guard2,0.6977331765735965,True,True,296.7,118.1,212.6,150.6,True
5561.5,open_guard,0.7400374227518975,athlete2,0.5196485394253135,open_guard2,0.6470391718338869,True,True,296.9,119.1,187.4,159.2,False
5562.0,open_guard,0.9904620838589966,athlete2,0.8400919336908858,open_guard2,0.9875535878862695,True,True,288.0,134.0,180.9,160.8,False
5562.5,open_guard,0.44064275226087296,athlete2,0.7314980407676763,open_guard2,0.616285909461354,True,True,262.4,141.2,142.0,166.0,False
5563.0,open_guard,0.9967561901229266,athlete2,0.872085394326118,open_guard2,0.9989551157675383,True,True,270.1,146.3,142.6,165.9,False
5563.5,open_guard,0.43513263275668457,athlete2,0.5663589393546324,open_guard2,0.5684944540937212,True,True,240.2,147.4,161.7,175.0,False
5564.0,open_guard,0.4743175788615996,athlete2,0.8901762308290802,open_guard2,0.9309557703599588,True,True,256.5,155.6,145.4,158.8,False
5564.5,open_guard,0.9920885773355774,athlete2,0.5539869223864219,open_guard2,0.9963781994690593,True,True,240.4,162.9,151.7,172.5,False
5565.0,open_guard,0.511472459983788,athlete2,0.5679339030165796,open_guard2,0.7034558487771153,True,True,228.5,153.3,149.0,177.7,False
5565.5,open_guard,0.7645813216213564,athlete2,0.5294779244165206,open_guard2,0.5087701151578298,True,True,221.3,155.7,135.3,181.4,False
5566.0,open_guard,0.7745984015363552,athlete2,0.8922293838907305,open_guard2,0.7868802180508168,True,True,235.0,153.8,105.3,189.9,False
5566.5,open_guard,0.9457705711590995,athlete2,0.7086362648982266,open_guard2,0.7875957946489315,True,True,230.5,175.7,175.4,170.2,True
5567.0,open_guard,0.6099566620609717,athlete2,0.5368944472527738,open_guard2,0.30457105090603565,True,True,183.2,179.1,75.2,238.7,True
5567.5,open_guard,0.6578926386540233,athlete2,0.6441134563059737,open_guard2,0.5514854865064549,True,True,151.3,170.6,74.6,237.8,False
5568.0,open_guard,0.6835253292046506,athlete2,0.7569826349832219,open_guard2,0.5262164797685724,True,True,208.6,159.2,91.9,144.4,True
5568.5,open_guard,0.988964905643568,athlete2,0.7196412309900814,open_guard2,0.7235852215136174,True,True,253.0,158.9,86.5,130.1,False
5569.0,open_guard,0.9875083874130548,athlete2,0.6175029381025297,open_guard2,0.8225141903080684,True,True,258.4,189.8,23.2,155.5,False
5569.5,open_guard,0.5125981544014788,athlete2,0.9422436597446474,open_guard2,0.396483686214655,True,True,242.0,192.8,290.9,215.5,True
5570.0,unknown,0.0,athlete2,0.0,unknown,0.0,False,False,,,,,
5570.5,unknown,0.0,athlete2,0.0,unknown,0.0,False,False,,,,,
5571.0,unknown,0.0,athlete2,0.0,unknown,0.0,False,False,,,,,
5571.5,unknown,0.0,athlete2,0.0,unknown,0.0,False,False,,,,,
5572.0,unknown,0.0,athlete2,0.0,unknown,0.0,False,False,,,,,
5572.5,unknown,0.0,athlete2,0.0,unknown,0.0,False,False,,,,,
5573.0,unknown,0.0,athlete2,0.0,unknown,0.0,False,False,,,,,
5573.5,unknown,0.0,athlete2,0.0,unknown,0.0,False,False,,,,,
5574.0,unknown,0.0,athlete2,0.0,unknown,0.0,False,False,,,,,
5574.5,unknown,0.0,athlete2,0.0,unknown,0.0,False,False,,,,,
5575.0,unknown,0.0,athlete2,0.0,unknown,0.0,False,False,,,,,
5575.5,unknown,0.0,athlete2,0.0,unknown,0.0,False,False,,,,,
5576.0,unknown,0.0,athlete2,0.0,unknown,0.0,False,False,,,,,
5576.5,unknown,0.0,athlete2,0.0,unknown,0.0,False,False,,,,,
5577.0,unknown,0.0,athlete2,0.0,unknown,0.0,False,False,,,,,
5577.5,unknown,0.0,athlete2,0.0,unknown,0.0,False,False,,,,,
5578.0,unknown,0.0,athlete2,0.0,unknown,0.0,False,False,,,,,
5578.5,unknown,0.0,athlete2,0.0,unknown,0.0,False,False,,,,,
5579.0,unknown,0.0,athlete2,0.0,unknown,0.0,False,False,,,,,
5579.5,unknown,0.0,athlete2,0.0,unknown,0.0,False,False,,,,,
5580.0,unknown,0.0,athlete2,0.0,unknown,0.0,False,False,,,,,
5580.5,unknown,0.0,athlete2,0.0,unknown,0.0,False,False,,,,,
5581.0,unknown,0.0,athlete2,0.0,unknown,0.0,False,False,,,,,
5581.5,unknown,0.0,athlete2,0.0,unknown,0.0,False,False,,,,,
5582.0,unknown,0.0,athlete2,0.0,unknown,0.0,False,False,,,,,
5582.5,unknown,0.0,athlete2,0.0,unknown,0.0,False,False,,,,,
5583.0,unknown,0.0,athlete2,0.0,unknown,0.0,False,False,,,,,
5583.5,unknown,0.0,athlete2,0.0,unknown,0.0,False,False,,,,,
5584.0,unknown,0.0,athlete2,0.0,unknown,0.0,False,False,,,,,
5584.5,unknown,0.0,athlete2,0.0,unknown,0.0,False,False,,,,,
5585.0,unknown,0.0,athlete2,0.0,unknown,0.0,False,False,,,,,
5585.5,unknown,0.0,athlete2,0.0,unknown,0.0,False,False,,,,,
5586.0,unknown,0.0,athlete2,0.0,unknown,0.0,False,False,,,,,
5586.5,unknown,0.0,athlete2,0.0,unknown,0.0,False,False,,,,,
5587.0,unknown,0.0,athlete2,0.0,unknown,0.0,False,False,,,,,
5587.5,unknown,0.0,athlete2,0.0,unknown,0.0,False,False,,,,,
5588.0,unknown,0.0,athlete2,0.0,unknown,0.0,False,False,,,,,
5588.5,unknown,0.0,athlete2,0.0,unknown,0.0,False,False,,,,,
5589.0,unknown,0.0,athlete2,0.0,unknown,0.0,False,False,,,,,
5589.5,unknown,0.0,athlete2,0.0,unknown,0.0,False,False,,,,,
5590.0,unknown,0.0,athlete2,0.0,unknown,0.0,False,False,,,,,
5590.5,unknown,0.0,athlete2,0.0,unknown,0.0,False,False,,,,,
5591.0,unknown,0.0,athlete2,0.0,unknown,0.0,False,False,,,,,
5591.5,unknown,0.0,athlete2,0.0,unknown,0.0,False,False,,,,,
