start,end,duration,samples,position,symmetric,top_track_id,top_athlete_id,bottom_track_id,bottom_athlete_id
3542.0,3550.0,8.0,8,unknown,False,,,,
3550.0,3551.0,1.0,1,back,False,track_0,,,
3551.0,3552.0,1.0,1,unknown,False,,,,
3552.0,3553.0,1.0,1,back,False,track_0,,,
3553.0,3558.0,5.0,5,unknown,False,,,,
3558.0,3560.0,2.0,2,back,False,track_0,,,
3560.0,3561.0,1.0,1,back,False,,,track_0,
3561.0,3576.0,15.0,15,unknown,False,,,,
3576.0,3578.0,2.0,2,back,False,track_0,,,
3578.0,3584.0,6.0,6,unknown,False,,,,
3584.0,3587.0,3.0,3,standing,True,,,,
3587.0,3605.0,18.0,18,unknown,False,,,,
3605.0,3606.0,1.0,1,back,False,track_0,,,
3606.0,3609.0,3.0,3,unknown,False,,,,
3609.0,3611.0,2.0,2,standing,True,,,,
3611.0,3629.0,18.0,18,unknown,False,,,,
3629.0,3630.0,1.0,1,back,False,track_0,,,
3630.0,3631.0,1.0,1,unknown,False,,,,
3631.0,3632.0,1.0,1,back,False,track_0,,,
3632.0,3639.0,7.0,7,unknown,False,,,,
3639.0,3640.0,1.0,1,standing,True,,,,
3640.0,3655.0,15.0,15,unknown,False,,,,
3655.0,3657.0,2.0,2,standing,True,,,,
3657.0,3662.0,5.0,5,unknown,False,,,,
3662.0,3663.0,1.0,1,back,False,track_0,,,
3663.0,3664.0,1.0,1,unknown,False,,,,
3664.0,3665.0,1.0,1,back,False,track_0,,,
3665.0,3667.0,2.0,2,unknown,False,,,,
3667.0,3670.0,3.0,3,standing,True,,,,
3670.0,3687.0,17.0,17,unknown,False,,,,
3687.0,3688.0,1.0,1,back,False,track_0,,,
3688.0,3708.0,20.0,20,unknown,False,,,,
3708.0,3709.0,1.0,1,back,False,track_0,,,
3709.0,3748.0,39.0,39,unknown,False,,,,
3748.0,3749.0,1.0,1,back,False,track_0,,,
3749.0,3751.0,2.0,2,unknown,False,,,,
3751.0,3753.0,2.0,2,back,False,track_0,,,
3753.0,3756.0,3.0,3,unknown,False,,,,
3756.0,3757.0,1.0,1,back,False,track_0,,,
3757.0,3759.0,2.0,2,unknown,False,,,,
3759.0,3760.0,1.0,1,back,False,track_0,,,
3760.0,3790.0,30.0,30,unknown,False,,,,
3790.0,3791.0,1.0,1,standing,True,,,,
3791.0,3792.0,1.0,1,unknown,False,,,,
3792.0,3794.0,2.0,2,standing,True,,,,
3794.0,3811.0,17.0,17,unknown,False,,,,
3811.0,3812.0,1.0,1,back,False,track_0,,,
3812.0,3819.0,7.0,7,unknown,False,,,,
3819.0,3821.0,2.0,2,back,False,track_0,,,
3821.0,3822.0,1.0,1,unknown,False,,,,
3822.0,3824.0,2.0,2,back,False,track_0,,,
3824.0,3837.0,13.0,13,unknown,False,,,,
3837.0,3838.0,1.0,1,standing,True,,,,
3838.0,3839.0,1.0,1,unknown,False,,,,
3839.0,3840.0,1.0,1,standing,True,,,,
3840.0,3866.0,26.0,26,unknown,False,,,,
3866.0,3868.0,2.0,2,back,False,track_0,,,
3868.0,3870.0,2.0,2,unknown,False,,,,
3870.0,3871.0,1.0,1,takedown,False,track_0,,,
3871.0,3872.0,1.0,1,unknown,False,,,,
3872.0,3873.0,1.0,1,standing,True,,,,
3873.0,3874.0,1.0,1,takedown,False,,,track_0,
3874.0,3907.0,33.0,33,unknown,False,,,,
3907.0,3909.0,2.0,2,back,False,track_0,,,
3909.0,3910.0,1.0,1,unknown,False,,,,
3910.0,3911.0,1.0,1,back,False,track_0,,,
3911.0,3915.0,4.0,4,unknown,False,,,,
3915.0,3916.0,1.0,1,open guard,False,,,track_0,
3916.0,3920.0,4.0,4,unknown,False,,,,
3920.0,3921.0,1.0,1,standing,True,,,,
3921.0,3949.0,28.0,28,unknown,False,,,,
3949.0,3951.0,2.0,2,back,False,track_0,,,
3951.0,3952.0,1.0,1,unknown,False,,,,
3952.0,3953.0,1.0,1,standing,True,,,,
3953.0,3954.0,1.0,1,unknown,False,,,,
3954.0,3956.0,2.0,2,standing,True,,,,
3956.0,3959.0,3.0,3,unknown,False,,,,
3959.0,3960.0,1.0,1,back,False,track_0,,,
3960.0,3992.0,32.0,32,unknown,False,,,,
3992.0,3993.0,1.0,1,standing,True,,,,
3993.0,4009.0,16.0,16,unknown,False,,,,
4009.0,4010.0,1.0,1,standing,True,,,,
4010.0,4023.0,13.0,13,unknown,False,,,,
4023.0,4024.0,1.0,1,standing,True,,,,
4024.0,4044.0,20.0,20,unknown,False,,,,
4044.0,4045.0,1.0,1,back,False,track_0,,,
4045.0,4052.0,7.0,7,unknown,False,,,,
4052.0,4054.0,2.0,2,back,False,track_0,,,
4054.0,4057.0,3.0,3,unknown,False,,,,
4057.0,4058.0,1.0,1,back,False,track_0,,,
4058.0,4071.0,13.0,13,unknown,False,,,,
4071.0,4072.0,1.0,1,back,False,track_0,,,
4072.0,4078.0,6.0,6,unknown,False,,,,
4078.0,4079.0,1.0,1,back,False,track_0,,,
4079.0,4082.0,3.0,3,unknown,False,,,,
4082.0,4084.0,2.0,2,back,False,track_0,,,
4084.0,4088.0,4.0,4,unknown,False,,,,
4088.0,4089.0,1.0,1,standing,True,,,,
4089.0,4143.0,54.0,54,unknown,False,,,,
4143.0,4144.0,1.0,1,takedown,False,,,track_0,
4144.0,4146.0,2.0,2,unknown,False,,,,
4146.0,4147.0,1.0,1,standing,True,,,,
4147.0,4203.0,56.0,56,unknown,False,,,,
4203.0,4204.0,1.0,1,standing,True,,,,
4204.0,4220.0,16.0,16,unknown,False,,,,
4220.0,4221.0,1.0,1,standing,True,,,,
4221.0,4237.0,16.0,16,unknown,False,,,,
4237.0,4239.0,2.0,2,open guard,False,,,track_0,
4239.0,4252.0,13.0,13,unknown,False,,,,
4252.0,4253.0,1.0,1,takedown,False,,,track_0,
4253.0,4276.0,23.0,23,unknown,False,,,,
4276.0,4278.0,2.0,2,open guard,False,,,track_0,
4278.0,4280.0,2.0,2,unknown,False,,,,
4280.0,4285.0,5.0,5,open guard,False,,,track_0,
4285.0,4311.0,26.0,26,unknown,False,,,,
4311.0,4312.0,1.0,1,standing,True,,,,
4312.0,4317.0,5.0,5,unknown,False,,,,
4317.0,4318.0,1.0,1,standing,True,,,,
4318.0,4322.0,4.0,4,unknown,False,,,,
4322.0,4323.0,1.0,1,standing,True,,,,
4323.0,4356.0,33.0,33,unknown,False,,,,
4356.0,4357.0,1.0,1,open guard,False,,,track_0,
4357.0,4400.0,43.0,43,unknown,False,,,,
4400.0,4401.0,1.0,1,standing,True,,,,
4401.0,4436.0,35.0,35,unknown,False,,,,
4436.0,4437.0,1.0,1,standing,True,,,,
4437.0,4440.0,3.0,3,unknown,False,,,,
4440.0,4441.0,1.0,1,standing,True,,,,
4441.0,4442.0,1.0,1,unknown,False,,,,
4442.0,4443.0,1.0,1,standing,True,,,,
4443.0,4498.0,55.0,55,unknown,False,,,,
4498.0,4499.0,1.0,1,standing,True,,,,
4499.0,4525.0,26.0,26,unknown,False,,,,
4525.0,4528.0,3.0,3,open guard,False,,,track_0,
4528.0,4529.0,1.0,1,unknown,False,,,,
4529.0,4530.0,1.0,1,open guard,False,,,track_0,
4530.0,4531.0,1.0,1,unknown,False,,,,
4531.0,4532.0,1.0,1,standing,True,,,,
4532.0,4533.0,1.0,1,open guard,False,,,track_0,
4533.0,4570.0,37.0,37,unknown,False,,,,
4570.0,4571.0,1.0,1,takedown,False,,,track_0,
4571.0,4584.0,13.0,13,unknown,False,,,,
4584.0,4585.0,1.0,1,open guard,False,,,track_0,
4585.0,4586.0,1.0,1,unknown,False,,,,
4586.0,4587.0,1.0,1,open guard,False,,,track_0,
4587.0,4634.0,47.0,47,unknown,False,,,,
4634.0,4635.0,1.0,1,open guard,False,,,track_0,
4635.0,4645.0,10.0,10,unknown,False,,,,
4645.0,4646.0,1.0,1,open guard,False,,,track_0,
4646.0,4647.0,1.0,1,standing,True,,,,
4647.0,4648.0,1.0,1,takedown,False,,,track_0,
4648.0,4654.0,6.0,6,unknown,False,,,,
4654.0,4656.0,2.0,2,takedown,False,,,track_0,
4656.0,4676.0,20.0,20,unknown,False,,,,
4676.0,4677.0,1.0,1,takedown,False,,,track_0,
4677.0,4678.0,1.0,1,unknown,False,,,,
4678.0,4679.0,1.0,1,takedown,False,,,track_0,
4679.0,4704.0,25.0,25,unknown,False,,,,
4704.0,4705.0,1.0,1,back,False,track_0,,,
4705.0,4734.0,29.0,29,unknown,False,,,,
4734.0,4735.0,1.0,1,open guard,False,track_0,,,
4735.0,4736.0,1.0,1,open guard,False,,,track_0,
4736.0,4757.0,21.0,21,unknown,False,,,,
4757.0,4758.0,1.0,1,back,False,track_0,,,
4758.0,4759.0,1.0,1,unknown,False,,,,
4759.0,4760.0,1.0,1,back,False,track_0,,,
4760.0,4761.0,1.0,1,unknown,False,,,,
4761.0,4762.0,1.0,1,back,False,track_0,,,
4762.0,4771.0,9.0,9,unknown,False,,,,
4771.0,4775.0,4.0,4,standing,True,,,,
4775.0,4778.0,3.0,3,unknown,False,,,,
4778.0,4780.0,2.0,2,standing,True,,,,
4780.0,4782.0,2.0,2,unknown,False,,,,
4782.0,4792.0,10.0,10,standing,True,,,,
4792.0,4793.0,1.0,1,unknown,False,,,,
4793.0,4794.0,1.0,1,standing,True,,,,
4794.0,4797.0,3.0,3,unknown,False,,,,
4797.0,4799.0,2.0,2,standing,True,,,,
4799.0,4818.0,19.0,19,unknown,False,,,,
4818.0,4819.0,1.0,1,standing,True,,,,
4819.0,4828.0,9.0,9,unknown,False,,,,
4828.0,4829.0,1.0,1,takedown,False,,,track_0,
4829.0,4859.0,30.0,30,unknown,False,,,,
4859.0,4860.0,1.0,1,open guard,False,,,track_0,
4860.0,4939.0,79.0,79,unknown,False,,,,
4939.0,4941.0,2.0,2,back,False,track_0,,,
4941.0,5085.0,144.0,144,unknown,False,,,,
5085.0,5086.0,1.0,1,back,False,track_0,,,
5086.0,5101.0,15.0,15,unknown,False,,,,
5101.0,5104.0,3.0,3,standing,True,,,,
5104.0,5108.0,4.0,4,unknown,False,,,,
5108.0,5109.0,1.0,1,standing,True,,,,
5109.0,5140.0,31.0,31,unknown,False,,,,
5140.0,5141.0,1.0,1,back,False,track_0,,,
5141.0,5148.0,7.0,7,unknown,False,,,,
5148.0,5149.0,1.0,1,back,False,track_0,,,
5149.0,5155.0,6.0,6,unknown,False,,,,
5155.0,5156.0,1.0,1,open guard,False,,,track_0,
5156.0,5160.0,4.0,4,unknown,False,,,,
5160.0,5161.0,1.0,1,back,False,track_0,,,
5161.0,5162.0,1.0,1,unknown,False,,,,
5162.0,5164.0,2.0,2,takedown,False,,,track_0,
5164.0,5170.0,6.0,6,unknown,False,,,,
5170.0,5171.0,1.0,1,back,False,track_0,,,
5171.0,5183.0,12.0,12,unknown,False,,,,
5183.0,5184.0,1.0,1,standing,True,,,,
5184.0,5203.0,19.0,19,unknown,False,,,,
5203.0,5204.0,1.0,1,standing,True,,,,
5204.0,5292.0,88.0,88,unknown,False,,,,
5292.0,5293.0,1.0,1,standing,True,,,,
5293.0,5299.0,6.0,6,unknown,False,,,,
5299.0,5301.0,2.0,2,back,False,track_0,,,
5301.0,5311.0,10.0,10,unknown,False,,,,
5311.0,5312.0,1.0,1,back,False,track_0,,,
5312.0,5322.0,10.0,10,unknown,False,,,,
5322.0,5324.0,2.0,2,back,False,track_0,,,
5324.0,5325.0,1.0,1,unknown,False,,,,
5325.0,5326.0,1.0,1,back,False,track_0,,,
5326.0,5330.0,4.0,4,unknown,False,,,,
5330.0,5331.0,1.0,1,back,False,track_0,,,
5331.0,5333.0,2.0,2,unknown,False,,,,
5333.0,5334.0,1.0,1,back,False,track_0,,,
5334.0,5355.0,21.0,21,unknown,False,,,,
5355.0,5356.0,1.0,1,back,False,track_0,,,
5356.0,5372.0,16.0,16,unknown,False,,,,
5372.0,5373.0,1.0,1,back,False,track_0,,,
5373.0,5388.0,15.0,15,unknown,False,,,,
5388.0,5389.0,1.0,1,standing,True,,,,
5389.0,5395.0,6.0,6,unknown,False,,,,
5395.0,5396.0,1.0,1,standing,True,,,,
5396.0,5407.0,11.0,11,unknown,False,,,,
5407.0,5408.0,1.0,1,open guard,False,,,track_0,
5408.0,5415.0,7.0,7,unknown,False,,,,
5415.0,5417.0,2.0,2,open guard,False,,,track_0,
5417.0,5418.0,1.0,1,unknown,False,,,,
5418.0,5419.0,1.0,1,back,False,track_0,,,
5419.0,5436.0,17.0,17,unknown,False,,,,
5436.0,5437.0,1.0,1,standing,True,,,,
5437.0,5438.0,1.0,1,back,False,track_0,,,
5438.0,5441.0,3.0,3,unknown,False,,,,
5441.0,5443.0,2.0,2,back,False,track_0,,,
5443.0,5488.0,45.0,45,unknown,False,,,,
5488.0,5489.0,1.0,1,back,False,track_0,,,
5489.0,5497.0,8.0,8,unknown,False,,,,
5497.0,5498.0,1.0,1,standing,True,,,,
5498.0,5511.0,13.0,13,unknown,False,,,,
5511.0,5512.0,1.0,1,takedown,False,,,track_0,
5512.0,5513.0,1.0,1,back,False,track_0,,,
5513.0,5526.0,13.0,13,unknown,False,,,,
5526.0,5528.0,2.0,2,back,False,track_0,,,
5528.0,5551.0,23.0,23,unknown,False,,,,
5551.0,5553.0,2.0,2,back,False,track_0,,,
5553.0,5568.0,15.0,15,unknown,False,,,,
5568.0,5569.0,1.0,1,back,False,track_0,,,
5569.0,5683.0,114.0,114,unknown,False,,,,
5683.0,5684.0,1.0,1,takedown,False,,,track_0,
5684.0,5759.0,75.0,75,unknown,False,,,,
5759.0,5760.0,1.0,1,standing,True,,,,
5760.0,5784.0,24.0,24,unknown,False,,,,
5784.0,5785.0,1.0,1,back,False,track_0,,,
5785.0,5817.0,32.0,32,unknown,False,,,,
5817.0,5818.0,1.0,1,standing,True,,,,
5818.0,5824.0,6.0,6,unknown,False,,,,
5824.0,5825.0,1.0,1,standing,True,,,,
5825.0,5830.0,5.0,5,unknown,False,,,,
5830.0,5831.0,1.0,1,back,False,track_0,,,
5831.0,5834.0,3.0,3,unknown,False,,,,
5834.0,5835.0,1.0,1,back,False,track_0,,,
5835.0,5836.0,1.0,1,unknown,False,,,,
5836.0,5837.0,1.0,1,back,False,track_0,,,
5837.0,5844.0,7.0,7,unknown,False,,,,
5844.0,5847.0,3.0,3,back,False,track_0,,,
5847.0,5874.0,27.0,27,unknown,False,,,,
5874.0,5875.0,1.0,1,back,False,track_0,,,
5875.0,5902.0,27.0,27,unknown,False,,,,
5902.0,5903.0,1.0,1,open guard,False,,,track_0,
5903.0,5922.0,19.0,19,unknown,False,,,,
5922.0,5923.0,1.0,1,back,False,track_0,,,
5923.0,5936.0,13.0,13,unknown,False,,,,
5936.0,5938.0,2.0,2,open guard,False,,,track_0,
5938.0,5992.0,54.0,54,unknown,False,,,,
5992.0,5993.0,1.0,1,open guard,False,,,track_0,
5993.0,6027.0,34.0,34,unknown,False,,,,
6027.0,6028.0,1.0,1,open guard,False,,,track_0,
6028.0,6029.0,1.0,1,unknown,False,,,,
6029.0,6030.0,1.0,1,open guard,False,,,track_0,
6030.0,6050.0,20.0,20,unknown,False,,,,
6050.0,6052.0,2.0,2,back,False,track_0,,,
6052.0,6065.0,13.0,13,unknown,False,,,,
6065.0,6066.0,1.0,1,back,False,track_0,,,
6066.0,6082.0,16.0,16,unknown,False,,,,
6082.0,6083.0,1.0,1,back,False,track_0,,,
6083.0,6166.0,83.0,83,unknown,False,,,,
6166.0,6168.0,2.0,2,back,False,track_0,,,
6168.0,6170.0,2.0,2,unknown,False,,,,
6170.0,6171.0,1.0,1,back,False,track_0,,,
6171.0,6184.0,13.0,13,unknown,False,,,,
6184.0,6185.0,1.0,1,back,False,track_0,,,
6185.0,6186.0,1.0,1,unknown,False,,,,
6186.0,6187.0,1.0,1,back,False,track_0,,,
6187.0,6193.0,6.0,6,unknown,False,,,,
6193.0,6194.0,1.0,1,standing,True,,,,
6194.0,6196.0,2.0,2,unknown,False,,,,
6196.0,6197.0,1.0,1,standing,True,,,,
6197.0,6200.0,3.0,3,unknown,False,,,,
6200.0,6201.0,1.0,1,standing,True,,,,
6201.0,6202.0,1.0,1,unknown,False,,,,
6202.0,6203.0,1.0,1,standing,True,,,,
6203.0,6206.0,3.0,3,unknown,False,,,,
6206.0,6207.0,1.0,1,standing,True,,,,
6207.0,6222.0,15.0,15,unknown,False,,,,
6222.0,6223.0,1.0,1,takedown,False,,,track_0,
6223.0,6237.0,14.0,14,unknown,False,,,,
6237.0,6238.0,1.0,1,back,False,track_0,,,
6238.0,6240.0,2.0,2,unknown,False,,,,
6240.0,6242.0,2.0,2,standing,True,,,,
6242.0,6243.0,1.0,1,unknown,False,,,,
6243.0,6244.0,1.0,1,standing,True,,,,
6244.0,6245.0,1.0,1,unknown,False,,,,
6245.0,6246.0,1.0,1,takedown,False,,,track_0,
6246.0,6250.0,4.0,4,unknown,False,,,,
6250.0,6251.0,1.0,1,back,False,track_0,,,
6251.0,6252.0,1.0,1,standing,True,,,,
6252.0,6254.0,2.0,2,unknown,False,,,,
6254.0,6255.0,1.0,1,back,False,track_0,,,
6255.0,6270.0,15.0,15,unknown,False,,,,
6270.0,6271.0,1.0,1,back,False,track_0,,,
6271.0,6272.0,1.0,1,unknown,False,,,,
6272.0,6273.0,1.0,1,back,False,track_0,,,
6273.0,6276.0,3.0,3,unknown,False,,,,
6276.0,6277.0,1.0,1,back,False,track_0,,,
6277.0,6280.0,3.0,3,unknown,False,,,,
6280.0,6281.0,1.0,1,standing,True,,,,
6281.0,6341.0,60.0,60,unknown,False,,,,
6341.0,6344.0,3.0,3,back,False,track_0,,,
6344.0,6347.0,3.0,3,unknown,False,,,,
6347.0,6348.0,1.0,1,takedown,False,,,track_0,
6348.0,6361.0,13.0,13,unknown,False,,,,
6361.0,6362.0,1.0,1,back,False,track_0,,,
6362.0,6363.0,1.0,1,back,False,,,track_0,
6363.0,6380.0,17.0,17,unknown,False,,,,
6380.0,6381.0,1.0,1,standing,True,,,,
6381.0,6391.0,10.0,10,unknown,False,,,,
6391.0,6394.0,3.0,3,standing,True,,,,
6394.0,6398.0,4.0,4,unknown,False,,,,
6398.0,6399.0,1.0,1,open guard,False,,,track_0,
6399.0,6400.0,1.0,1,unknown,False,,,,
6400.0,6401.0,1.0,1,standing,True,,,,
6401.0,6465.0,64.0,64,unknown,False,,,,
6465.0,6466.0,1.0,1,back,False,track_0,,,
6466.0,6481.0,15.0,15,unknown,False,,,,
6481.0,6482.0,1.0,1,back,False,track_0,,,
6482.0,6487.0,5.0,5,unknown,False,,,,
