timestamp,position,position_conf,role,role_conf,state,state_conf,pose_pair
5292.0,unknown,0.0,unknown,0.0,unknown,0.0,False
5292.5,takedown,0.7375288948043276,athlete2,0.9822923865965335,open_guard2,0.5419615956682214,True
5293.0,back,0.6903682234560198,none,0.7587256499292477,back2,0.40356920415648934,True
5293.5,takedown,0.8561239900034633,athlete2,0.9699039751709063,takedown1,0.5725436204197274,True
5294.0,open_guard,0.7739324129821908,athlete2,0.9956497099939438,open_guard2,0.9120800309232331,True
5294.5,standing,0.6876217906717129,athlete2,0.9004348156311225,open_guard2,0.6479985360181009,True
5295.0,takedown,0.6592846802702955,athlete2,0.9773263240515028,takedown1,0.4586717489868113,True
5295.5,unknown,0.0,unknown,0.0,unknown,0.0,False
5296.0,unknown,0.0,unknown,0.0,unknown,0.0,False
5296.5,unknown,0.0,unknown,0.0,unknown,0.0,False
5297.0,unknown,0.0,unknown,0.0,unknown,0.0,False
5297.5,unknown,0.0,unknown,0.0,unknown,0.0,False
5298.0,back,0.427448831222429,athlete2,0.5188054358374857,closed_guard2,0.7943699478316532,True
5298.5,back,0.7767071315402974,none,0.41751682482199637,back1,0.8324959780780089,True
5299.0,turtle,0.846214576673171,athlete2,0.484229430120887,open_guard2,0.3519851186882002,True
5299.5,standing,0.9963463264545971,none,0.8308559103592449,standing,0.9934520331987032,True
5300.0,unknown,0.0,unknown,0.0,unknown,0.0,False
5300.5,unknown,0.0,unknown,0.0,unknown,0.0,False
5301.0,unknown,0.0,unknown,0.0,unknown,0.0,False
5301.5,unknown,0.0,unknown,0.0,unknown,0.0,False
5302.0,unknown,0.0,unknown,0.0,unknown,0.0,False
5302.5,unknown,0.0,unknown,0.0,unknown,0.0,False
5303.0,unknown,0.0,unknown,0.0,unknown,0.0,False
5303.5,unknown,0.0,unknown,0.0,unknown,0.0,False
5304.0,turtle,0.6521024588154647,athlete1,0.9590223896486059,side_control1,0.9134820587205493,True
5304.5,unknown,0.0,unknown,0.0,unknown,0.0,False
5305.0,unknown,0.0,unknown,0.0,unknown,0.0,False
5305.5,unknown,0.0,unknown,0.0,unknown,0.0,False
5306.0,turtle,0.6934686385512167,athlete2,0.6664350820646104,turtle1,0.7401810655879201,True
5306.5,turtle,0.6524157800573883,athlete2,0.7471578516953555,open_guard2,0.7699624621060521,True
5307.0,takedown,0.3981781071378442,athlete2,0.8459557600794749,closed_guard2,0.5295857450692214,True
5307.5,unknown,0.0,unknown,0.0,unknown,0.0,False
5308.0,unknown,0.0,unknown,0.0,unknown,0.0,False
5308.5,unknown,0.0,unknown,0.0,unknown,0.0,False
5309.0,unknown,0.0,unknown,0.0,unknown,0.0,False
5309.5,unknown,0.0,unknown,0.0,unknown,0.0,False
5310.0,unknown,0.0,unknown,0.0,unknown,0.0,False
5310.5,unknown,0.0,unknown,0.0,unknown,0.0,False
5311.0,open_guard,0.6216142174835945,none,0.5494277970577178,open_guard1,0.8978769223392886,True
5311.5,unknown,0.0,unknown,0.0,unknown,0.0,False
5312.0,unknown,0.0,unknown,0.0,unknown,0.0,False
5312.5,back,0.7337144156287091,athlete2,0.7019794912080694,back1,0.3529768854746105,True
5313.0,takedown,0.5307062762604737,athlete2,0.7165024082796453,half_guard2,0.3984289438405887,True
5313.5,5050_guard,0.5459175162489055,athlete1,0.877832200359812,mount1,0.6210972238572803,True
5314.0,unknown,0.0,unknown,0.0,unknown,0.0,False
5314.5,takedown,0.5738177583650103,none,0.7583561344415309,takedown1,0.38708732433186815,True
5315.0,standing,0.5640334447929275,none,0.9161696481055892,standing,0.5994759048749363,True
5315.5,5050_guard,0.37075502505772423,none,0.7976933038027307,back2,0.4814694104588642,True
5316.0,takedown,0.2698457890598634,none,0.7842492816183102,back2,0.6820917636352701,True
5316.5,takedown,0.6421552215008093,none,0.7991265308089001,back2,0.42907384193650905,True
5317.0,takedown,0.4992154409473054,none,0.7789481568447622,back2,0.5246314287866067,True
5317.5,takedown,0.582777327909897,none,0.8215544062001657,takedown1,0.24848760073461557,True
5318.0,takedown,0.4753455903925488,none,0.5672236233398046,takedown2,0.7178369400424613,True
5318.5,takedown,0.5925953061383257,none,0.7713863881180233,takedown2,0.3868596956207783,True
5319.0,takedown,0.6829118016840301,none,0.7538315870383759,takedown2,0.4550332532881317,True
5319.5,takedown,0.691139195602443,none,0.7628875670795903,takedown2,0.6811129675100073,True
5320.0,takedown,0.5871945925930858,none,0.6896176989791162,standing,0.38708544584941557,True
5320.5,takedown,0.6389477431029208,none,0.6389444230818326,takedown2,0.3805689470614704,True
5321.0,5050_guard,0.3940234543156519,none,0.9089187702334343,open_guard2,0.5503568005964643,True
5321.5,5050_guard,0.43385692951654564,none,0.8624860371954207,5050_guard,0.5221111312498871,True
5322.0,5050_guard,0.6401312392659447,none,0.8549296205140599,5050_guard,0.6953762442708248,True
5322.5,takedown,0.33506908378258565,none,0.934103437398081,back1,0.41465313833405204,True
5323.0,closed_guard,0.8561079383490305,none,0.4328258222932608,closed_guard2,0.9634264757376384,True
5323.5,closed_guard,0.800107601677004,none,0.4067415980897043,closed_guard2,0.9590282507065142,True
5324.0,5050_guard,0.44927190440685155,none,0.7026418069816406,open_guard2,0.5414017200327634,True
5324.5,back,0.978740740821119,none,0.6279616079234933,back2,0.7662560810697301,True
5325.0,back,0.9503499502811346,none,0.7502767340845484,back2,0.7384073702639737,True
5325.5,turtle,0.7090539372424907,athlete2,0.4910477697563367,closed_guard2,0.4864500895392162,True
5326.0,closed_guard,0.8303734118775997,athlete1,0.6609302237597336,closed_guard2,0.6412908508883506,True
5326.5,turtle,0.4007585846497846,athlete2,0.8342466141181913,back2,0.5419139645525753,True
5327.0,back,0.7924073230778554,none,0.7636327835433928,back1,0.8559269319818854,True
5327.5,open_guard,0.7159874810383745,none,0.8044306620013579,open_guard2,0.94663013475242,True
5328.0,open_guard,0.8041241494528825,none,0.7185514123072259,open_guard2,0.972699719370968,True
5328.5,open_guard,0.6982760474170123,none,0.8356117629105992,open_guard2,0.7597744090246974,True
5329.0,takedown,0.6459920033748822,none,0.7258509515030535,takedown2,0.6892684834567278,True
5329.5,takedown,0.4158030971845121,none,0.6099408112769745,back1,0.9176486345830428,True
5330.0,takedown,0.3442107754582306,athlete1,0.5817665362040131,back1,0.7118971623339664,True
5330.5,back,0.585579202432718,athlete1,0.4379047300020189,closed_guard2,0.953140238254834,True
5331.0,open_guard,0.40938118762201375,none,0.39422440272291803,open_guard2,0.4632665156261939,True
5331.5,open_guard,0.5664795816967442,none,0.7710307190074072,open_guard2,0.9596233801810322,True
5332.0,back,0.8321926404617207,none,0.7771072257290336,closed_guard2,0.5480194034987719,True
5332.5,closed_guard,0.9697684208414531,athlete1,0.8845739861892665,closed_guard1,0.4799449123650815,True
5333.0,5050_guard,0.39447373355270576,none,0.6943340400877521,closed_guard2,0.5944302455226513,True
5333.5,5050_guard,0.33435654723611036,none,0.5598972282992368,open_guard2,0.44269023068047064,True
5334.0,takedown,0.3996308634574363,none,0.7537254451459217,takedown1,0.6180172680191371,True
5334.5,back,0.981603756488678,none,0.5484373919195581,back2,0.7256368255421581,True
5335.0,back,0.7910258080919514,none,0.5226952924388584,back2,0.3911904219258557,True
5335.5,open_guard,0.9997661140943276,athlete2,0.9999306559743165,open_guard2,0.5425324167943559,True
5336.0,open_guard,0.9157863186350331,athlete2,0.987223324036901,open_guard2,0.9986582356172431,True
5336.5,standing,0.8357971907230543,athlete1,0.5123961786351762,standing,0.766861923516052,True
5337.0,open_guard,0.7679121283141057,athlete2,0.9933988483322199,open_guard2,0.9385626902701754,True
5337.5,open_guard,0.9046764833372364,athlete2,0.8505270633259276,open_guard2,0.9254381977219939,True
5338.0,takedown,0.8535950707038326,athlete2,0.5661739409484365,open_guard2,0.6236483751210866,True
5338.5,unknown,0.0,unknown,0.0,unknown,0.0,False
5339.0,open_guard,0.8977132279946114,athlete2,0.9951017373735264,open_guard2,0.96884573504877,True
5339.5,open_guard,0.9235514127524054,athlete1,0.5663667582730777,open_guard2,0.9061868451293846,True
5340.0,back,0.9765461236490693,none,0.6613454509005858,back1,0.9940462922824964,True
5340.5,back,0.5431919784720757,none,0.8247853555121435,back2,0.31143096954197313,True
5341.0,takedown,0.522307577057647,athlete1,0.6279630233870764,takedown2,0.3776139166181258,True
5341.5,back,0.9708990354838013,athlete2,0.6040750411133285,back2,0.6027628096170812,True
5342.0,takedown,0.482366072520386,athlete1,0.5350611817615738,back2,0.4451316935494117,True
5342.5,takedown,0.5527356159168131,athlete2,0.9734507571625967,open_guard2,0.9923093831099792,True
5343.0,back,0.7122593108671392,athlete2,0.598609027800138,back1,0.33025365963136166,True
5343.5,standing,0.9891555802732219,none,0.5708321442924776,standing,0.868864007396204,True
5344.0,back,0.2788648998743324,athlete2,0.5385609047265641,back2,0.32974149782935064,True
5344.5,standing,0.9494109901362103,none,0.6472417422074577,standing,0.5100929945876019,True
5345.0,standing,0.5504841124828375,none,0.47745690282437453,takedown2,0.862328756992438,True
5345.5,takedown,0.619442673476169,none,0.48455751898719,takedown2,0.9649913552102999,True
5346.0,5050_guard,0.9735137709071058,none,0.5518426211388453,5050_guard,0.9653334870013558,True
5346.5,5050_guard,0.707256466990193,none,0.6785428185134864,back2,0.4884178668092041,True
5347.0,5050_guard,0.7095406182198964,none,0.49323463895691205,5050_guard,0.4762569494108981,True
5347.5,back,0.8225519716843918,athlete2,0.6435379907631529,back2,0.6236408151905632,True
5348.0,back,0.4609269812070897,athlete2,0.4183013644174626,back2,0.34096636315044987,True
5348.5,5050_guard,0.8351386229816696,none,0.6830882194324139,5050_guard,0.6580431164027728,True
5349.0,5050_guard,0.6100332389507162,athlete1,0.6532013063524379,mount1,0.4876744333890293,True
5349.5,back,0.9998166784787764,none,0.5370566507805203,back1,0.4999041906092634,True
5350.0,turtle,0.6402309636984329,athlete2,0.6361276757316949,5050_guard,0.31055181508223867,True
5350.5,back,0.5467703499292457,athlete2,0.6924393104797676,open_guard2,0.8470064560172006,True
5351.0,5050_guard,0.4453807330928021,none,0.8188410810993889,back1,0.8703729426989019,True
5351.5,open_guard,0.7902058225879142,athlete2,0.7651794737198498,open_guard2,0.986632773854077,True
5352.0,5050_guard,0.8561313454981812,none,0.5022189903095905,5050_guard,0.7213323101990562,True
5352.5,5050_guard,0.5148014530116775,none,0.423352018573418,side_control1,0.44627033318357884,True
5353.0,back,0.5291638043216915,athlete2,0.5055630142726691,back2,0.3727514004102741,True
5353.5,back,0.6800882461055727,none,0.7348237967688374,back2,0.4375521207061758,True
5354.0,5050_guard,0.4408674432831465,athlete1,0.5908867669084357,back1,0.6098203471913094,True
5354.5,back,0.9500664207450399,none,0.6920656008883413,back1,0.9054121027915887,True
5355.0,open_guard,0.6709519984825119,athlete1,0.6903114812245454,open_guard2,0.9166736376503546,True
5355.5,5050_guard,0.9753597302344031,none,0.7354383550184007,open_guard2,0.48553647990274335,True
5356.0,mount,0.4831577627853265,athlete1,0.6777640450464913,mount1,0.7361019198233324,True
5356.5,unknown,0.0,unknown,0.0,unknown,0.0,False
5357.0,open_guard,0.9344085458326505,none,0.7284815377332776,open_guard2,0.9841878845083252,True
5357.5,open_guard,0.9786482671080728,athlete2,0.636772449557962,open_guard2,0.9992011267657608,True
5358.0,open_guard,0.7345702522125607,athlete2,0.5049733109690233,open_guard2,0.7697727576508002,True
5358.5,open_guard,0.6908941995024749,athlete2,0.9641999492610105,open_guard2,0.9990485874281749,True
5359.0,open_guard,0.5531556427566008,none,0.6657877909161569,mount1,0.6102588743328834,True
5359.5,unknown,0.0,unknown,0.0,unknown,0.0,False
5360.0,back,0.9480427324513306,athlete2,0.4137884640997105,back2,0.5193444854110291,True
5360.5,takedown,0.48323516928161364,none,0.8977510223964048,takedown2,0.6025219633582422,True
5361.0,open_guard,0.2700277234953997,athlete2,0.6936448689136169,takedown1,0.33193714289873427,True
5361.5,5050_guard,0.3759495695188181,none,0.7172197225802609,5050_guard,0.5152141743585754,True
5362.0,takedown,0.5993402621821662,none,0.7807318766451288,takedown1,0.40382390588202616,True
5362.5,takedown,0.40910873728504615,none,0.805104814753154,standing,0.4269065707914693,True
5363.0,side_control,0.39507044981665596,athlete2,0.3901322468588335,side_control1,0.44510998616482583,True
5363.5,5050_guard,0.5091010328315894,none,0.7820476645575625,5050_guard,0.6591549943930863,True
5364.0,5050_guard,0.49503798290880974,none,0.8698853618726711,5050_guard,0.5956075464738658,True
5364.5,back,0.9157968580210417,none,0.9410211525506805,back1,0.7768178572114833,True
5365.0,5050_guard,0.6358166624550887,none,0.8762163343785747,5050_guard,0.5899980386952175,True
5365.5,takedown,0.510934986980476,athlete2,0.7665717110768479,open_guard2,0.9030606530378399,True
5366.0,back,0.6438552343256061,athlete2,0.9209291406290988,back2,0.955587540858945,True
5366.5,open_guard,0.5769305566408176,athlete2,0.9404615079830516,open_guard2,0.8834388159793064,True
5367.0,open_guard,0.7767940662246777,athlete2,0.9574706279450275,open_guard2,0.912656282032718,True
5367.5,open_guard,0.9666939895414536,athlete2,0.9905924767913897,open_guard2,0.9987845761321358,True
5368.0,open_guard,0.6572285100060915,athlete2,0.9294192252226912,open_guard2,0.9747806430881049,True
5368.5,back,0.9550271159773333,none,0.4923278924131,back1,0.4633122037777206,True
5369.0,back,0.680911773752449,athlete1,0.8148021800249321,mount1,0.49794838380691514,True
5369.5,turtle,0.8236248900903994,athlete1,0.7195353959068858,mount1,0.47493187788744323,True
5370.0,back,0.9366946793451164,none,0.8725192176570478,back2,0.8976978578822808,True
5370.5,open_guard,0.45224035966251935,none,0.8009168519773282,5050_guard,0.45763153010192786,True
5371.0,standing,0.859223074787646,athlete2,0.7377359308135634,standing,0.6423910613725943,True
5371.5,takedown,0.514286100867931,none,0.9547842726780286,takedown2,0.2896699372441802,True
5372.0,takedown,0.5853608680372224,none,0.9383400324841535,back1,0.32683435113763665,True
5372.5,back,0.44898830735750034,none,0.6628087410614322,5050_guard,0.38480724777797237,True
5373.0,takedown,0.47524220955939755,none,0.7000937171417353,takedown1,0.2991953584841246,True
5373.5,back,0.49330511997313325,athlete1,0.6291326015649712,back1,0.6187723624982467,True
5374.0,standing,0.9694742938724049,athlete2,0.5680077649260122,standing,0.5349248798915636,True
5374.5,standing,0.794311011355609,athlete2,0.5118955534578644,open_guard2,0.695034357710439,True
5375.0,standing,0.7868833165696703,athlete2,0.7027539874488563,open_guard2,0.5065136045012263,True
5375.5,unknown,0.0,unknown,0.0,unknown,0.0,False
5376.0,unknown,0.0,unknown,0.0,unknown,0.0,False
5376.5,unknown,0.0,unknown,0.0,unknown,0.0,False
5377.0,unknown,0.0,unknown,0.0,unknown,0.0,False
5377.5,back,0.5312280764206747,athlete2,0.9894708751277951,back2,0.648662372273978,True
5378.0,unknown,0.0,unknown,0.0,unknown,0.0,False
5378.5,back,0.720014070263405,athlete2,0.8865273648374853,back2,0.36853372709068066,True
5379.0,unknown,0.0,unknown,0.0,unknown,0.0,False
5379.5,back,0.9593383783851408,athlete2,0.4022956632507986,mount1,0.4926835128060515,True
5380.0,back,0.6381109721860189,none,0.6311562379045651,half_guard2,0.5588379595779066,True
5380.5,half_guard,0.4764369864643173,athlete2,0.5397134785429917,half_guard2,0.539913239830659,True
5381.0,back,0.5196451718129731,none,0.6232001952233838,half_guard2,0.24671437776440494,True
5381.5,back,0.9746443833570626,athlete2,0.846829117591357,mount2,0.4929032781286569,True
5382.0,5050_guard,0.5577021790903827,athlete1,0.36003785177161257,half_guard2,0.6269810486958969,True
5382.5,back,0.620897902237602,none,0.7983856067302755,takedown1,0.26095464814166347,True
5383.0,5050_guard,0.6807279179200599,athlete1,0.44772392731051824,back1,0.5607299459030893,True
5383.5,back,0.9780344581740574,athlete1,0.5185699357061483,back2,0.49471708491701777,True
5384.0,unknown,0.0,unknown,0.0,unknown,0.0,False
5384.5,5050_guard,0.7849208233176888,none,0.45895415847864235,half_guard1,0.7115940818804076,True
5385.0,unknown,0.0,unknown,0.0,unknown,0.0,False
5385.5,unknown,0.0,unknown,0.0,unknown,0.0,False
5386.0,unknown,0.0,unknown,0.0,unknown,0.0,False
5386.5,takedown,0.6988624051301762,none,0.6591243091615262,takedown2,0.7370833640277638,True
5387.0,standing,0.8379080682358083,none,0.6765597048775214,standing,0.5723280559764021,True
5387.5,standing,0.8875658456192851,none,0.7622675354049312,standing,0.7093554823381308,True
5388.0,standing,0.957679011781744,none,0.9129722622927854,standing,0.9024092495947503,True
5388.5,standing,0.9041713009381012,none,0.895849593549934,standing,0.716334861722807,True
5389.0,back,0.47267958020985695,none,0.7777369778650728,open_guard2,0.9856245716193566,True
5389.5,takedown,0.6890960151566049,none,0.7547997275784045,open_guard2,0.6275433405083471,True
5390.0,standing,0.9700284646920032,none,0.923263161881486,standing,0.9268561494399967,True
5390.5,standing,0.8796897304034921,none,0.9266137515563939,standing,0.5427250138788406,True
5391.0,takedown,0.7324267610071468,none,0.5472126703721902,takedown2,0.6498280723626899,True
5391.5,takedown,0.8868139917897645,none,0.7194555964208712,takedown2,0.645866990743722,True
5392.0,standing,0.8599708362729808,none,0.766003367452372,standing,0.6503264995356356,True
5392.5,turtle,0.6812547922197617,athlete2,0.7389743893842111,open_guard2,0.38730117570065525,True
5393.0,open_guard,0.3219627260555265,athlete2,0.7506331547979661,open_guard2,0.766934074935667,True
5393.5,takedown,0.3535280434958047,athlete1,0.3838434564513153,turtle1,0.2696265109761256,True
5394.0,takedown,0.46275454475603567,none,0.41321296976823446,turtle1,0.6408928266321666,True
5394.5,standing,0.6112632175850633,none,0.8115026842175178,takedown2,0.4777009965578062,True
5395.0,takedown,0.522253313788381,none,0.6628424466647358,takedown2,0.5999821880458401,True
5395.5,takedown,0.5895946430488332,none,0.5833666176404839,takedown2,0.4780178632225018,True
5396.0,unknown,0.0,unknown,0.0,unknown,0.0,False
5396.5,unknown,0.0,unknown,0.0,unknown,0.0,False
5397.0,takedown,0.5486733187420977,none,0.49151452606381574,takedown2,0.5141866936516564,True
5397.5,takedown,0.5356113727026917,none,0.6348307798797898,takedown2,0.5769794350753134,True
5398.0,takedown,0.6514356249022702,none,0.5233387937959428,takedown2,0.5214285833236382,True
5398.5,takedown,0.5237903550613477,none,0.7157765514357105,takedown2,0.31591254454350165,True
5399.0,takedown,0.5629700154395366,none,0.5869073813618436,takedown2,0.3876805212031515,True
5399.5,takedown,0.5643254863935102,none,0.5306885231662285,turtle1,0.4015427448306641,True
5400.0,takedown,0.5399129227404713,none,0.6309743726755012,turtle1,0.3729943751082382,True
5400.5,takedown,0.5188355080863112,none,0.5518114490279721,turtle1,0.37930183451594757,True
5401.0,takedown,0.5717389280364774,none,0.6219955434162946,open_guard2,0.3798234072313349,True
5401.5,takedown,0.6772495733706042,none,0.6594410477892545,takedown2,0.5255415693742956,True
5402.0,takedown,0.5783473175629686,none,0.6063152450646433,open_guard2,0.7154497819739768,True
5402.5,standing,0.6405442166076907,none,0.875633178151051,open_guard2,0.35560469296579406,True
5403.0,takedown,0.7360061004606522,none,0.4608131269440313,open_guard2,0.5610230009698646,True
5403.5,takedown,0.7097132009801179,athlete2,0.4949754903463219,open_guard2,0.6219428008139691,True
5404.0,takedown,0.5636579655153886,athlete2,0.507259442433804,open_guard2,0.7891043980125835,True
5404.5,unknown,0.0,unknown,0.0,unknown,0.0,False
5405.0,unknown,0.0,unknown,0.0,unknown,0.0,False
5405.5,unknown,0.0,unknown,0.0,unknown,0.0,False
5406.0,takedown,0.5500665776666172,athlete2,0.6574208324003228,takedown2,0.4739279356464866,True
5406.5,unknown,0.0,unknown,0.0,unknown,0.0,False
5407.0,unknown,0.0,unknown,0.0,unknown,0.0,False
5407.5,unknown,0.0,unknown,0.0,unknown,0.0,False
5408.0,back,0.9537136247455099,athlete2,0.9362876062022472,turtle1,0.4133904397083485,True
5408.5,unknown,0.0,unknown,0.0,unknown,0.0,False
5409.0,turtle,0.38711610953378833,athlete1,0.617983632053066,mount1,0.527713934800187,True
5409.5,half_guard,0.3807636056835024,athlete2,0.7866471237728403,half_guard2,0.3634622597472757,True
5410.0,turtle,0.5442078059683961,athlete2,0.6610763178233853,turtle1,0.8147270338699413,True
5410.5,back,0.8514580025944175,athlete1,0.906789661945557,back1,0.873217999737438,True
5411.0,unknown,0.0,unknown,0.0,unknown,0.0,False
5411.5,takedown,0.3406238224781327,none,0.49837314539220495,open_guard2,0.9853305265097535,True
5412.0,back,0.7557739050411371,athlete2,0.5952047054268685,back1,0.2839036624290998,True
5412.5,unknown,0.0,unknown,0.0,unknown,0.0,False
5413.0,unknown,0.0,unknown,0.0,unknown,0.0,False
5413.5,unknown,0.0,unknown,0.0,unknown,0.0,False
5414.0,unknown,0.0,unknown,0.0,unknown,0.0,False
5414.5,mount,0.8042352423859006,athlete2,0.6809534620479114,back2,0.28546828791338574,True
5415.0,back,0.9546602447051946,athlete1,0.9002347411642436,back1,0.9534652796939234,True
5415.5,unknown,0.0,unknown,0.0,unknown,0.0,False
5416.0,mount,0.7850761831584464,athlete2,0.5988183528080624,mount1,0.29454949669860536,True
5416.5,unknown,0.0,unknown,0.0,unknown,0.0,False
5417.0,back,0.2979816157264734,athlete2,0.5725094514467121,turtle1,0.31659339574537626,True
5417.5,unknown,0.0,unknown,0.0,unknown,0.0,False
5418.0,standing,0.5448201643039935,athlete1,0.48326671249508785,standing,0.5349319241998585,True
5418.5,turtle,0.7057647652236273,athlete1,0.4764497293986186,takedown2,0.6315748648361704,True
5419.0,turtle,0.8667706884025091,none,0.6295260903824144,turtle1,0.8624723408206851,True
5419.5,mount,0.44534275503221865,athlete2,0.9140150516303428,turtle1,0.3036592417964659,True
5420.0,open_guard,0.4269043924496824,none,0.5528620967428968,takedown2,0.3944534684641483,True
5420.5,takedown,0.5058042945224404,none,0.8456633998616707,5050_guard,0.3013275053257637,True
5421.0,standing,0.933107378901057,none,0.8349582693925114,standing,0.9483122407765497,True
5421.5,standing,0.9785990763456138,none,0.808758461372944,standing,0.9876916908737219,True
5422.0,takedown,0.4334367502989097,none,0.6480886264789744,takedown2,0.5802580703226444,True
5422.5,takedown,0.48754059582158094,none,0.6325593474959905,takedown1,0.44218162099243213,True
5423.0,open_guard,0.3922142646966772,none,0.5133137911557913,5050_guard,0.624708761471087,True
5423.5,unknown,0.0,unknown,0.0,unknown,0.0,False
5424.0,turtle,0.4262827711815518,athlete1,0.4298723052495712,takedown2,0.7864169234592542,True
5424.5,unknown,0.0,unknown,0.0,unknown,0.0,False
5425.0,unknown,0.0,unknown,0.0,unknown,0.0,False
5425.5,unknown,0.0,unknown,0.0,unknown,0.0,False
5426.0,unknown,0.0,unknown,0.0,unknown,0.0,False
5426.5,unknown,0.0,unknown,0.0,unknown,0.0,False
5427.0,unknown,0.0,unknown,0.0,unknown,0.0,False
5427.5,unknown,0.0,unknown,0.0,unknown,0.0,False
5428.0,5050_guard,0.6254864906071387,none,0.6127943455890223,open_guard2,0.5854899530898177,True
5428.5,5050_guard,0.7513315238910719,none,0.5337785312004562,open_guard2,0.625557335717939,True
5429.0,takedown,0.5638144206155647,none,0.4883689762255009,takedown2,0.4539963645382648,True
5429.5,takedown,0.6112745708521108,none,0.7735930683458514,takedown1,0.7506419953486207,True
5430.0,open_guard,0.2949523717064669,none,0.7130856102375212,takedown2,0.589646353297616,True
5430.5,5050_guard,0.7923258017618819,none,0.8615343058460103,5050_guard,0.3650975763078339,True
5431.0,takedown,0.4140404802605621,none,0.9471000330177333,5050_guard,0.29768001433857677,True
5431.5,unknown,0.0,unknown,0.0,unknown,0.0,False
5432.0,standing,0.3847229061742074,none,0.7804832900845701,standing,0.5702016784809764,True
5432.5,turtle,0.4113762345968203,none,0.5689986297989684,5050_guard,0.37080684823978627,True
5433.0,standing,0.9483598044111564,none,0.8337827447485037,standing,0.9134477030913465,True
5433.5,back,0.7270561915976484,athlete2,0.6535634107694283,back2,0.9438035159866962,True
5434.0,back,0.44303825228080834,athlete1,0.3799046611809447,back1,0.8699421494611251,True
5434.5,unknown,0.0,unknown,0.0,unknown,0.0,False
5435.0,unknown,0.0,unknown,0.0,unknown,0.0,False
5435.5,5050_guard,0.5902094932968756,none,0.6501243395261944,5050_guard,0.41696888889296607,True
5436.0,open_guard,0.44371537613334144,athlete2,0.8927838941866384,open_guard2,0.8187246859539143,True
5436.5,open_guard,0.9295829595327566,athlete2,0.9962268661477166,open_guard2,0.9991519354667407,True
5437.0,unknown,0.0,unknown,0.0,unknown,0.0,False
5437.5,turtle,0.8117513554640678,athlete2,0.4220287011557711,turtle1,0.4514065806627104,True
5438.0,unknown,0.0,unknown,0.0,unknown,0.0,False
5438.5,5050_guard,0.8171940308383924,athlete2,0.7790833654948602,open_guard2,0.6987143886514285,True
5439.0,closed_guard,0.3581227483092059,athlete2,0.8126783569846048,open_guard2,0.35568393792123476,True
5439.5,back,0.4456711715189751,none,0.6503945973183727,back1,0.24955406363859756,True
5440.0,standing,0.9798160439789402,none,0.9362082407933845,standing,0.9829048568092333,True
5440.5,standing,0.9218921096949041,none,0.922739731003326,standing,0.9279601142020749,True
5441.0,takedown,0.46595541120524153,none,0.9148876670680296,back1,0.322395952475912,True
5441.5,standing,0.9852460006408184,none,0.9394415897588198,standing,0.9925566676419175,True
5442.0,standing,0.9071203680907756,none,0.9249495724920311,standing,0.938574340092719,True
5442.5,5050_guard,0.6331583704548154,none,0.8393060814250308,back2,0.6323529298981845,True
5443.0,unknown,0.0,unknown,0.0,unknown,0.0,False
5443.5,back,0.46081980015638174,none,0.5558715612446171,5050_guard,0.36538539104112444,True
5444.0,unknown,0.0,unknown,0.0,unknown,0.0,False
5444.5,unknown,0.0,unknown,0.0,unknown,0.0,False
5445.0,unknown,0.0,unknown,0.0,unknown,0.0,False
5445.5,takedown,0.7068476020932067,none,0.715909489579932,takedown1,0.6579483731862715,True
5446.0,open_guard,0.7949385991606733,none,0.5222503805347569,open_guard2,0.3557672680125655,True
5446.5,takedown,0.31679744137205257,none,0.7917044251253346,back2,0.4507970343050536,True
5447.0,standing,0.890250089948044,none,0.8839164915644117,standing,0.8687718827698354,True
5447.5,unknown,0.0,unknown,0.0,unknown,0.0,False
5448.0,unknown,0.0,unknown,0.0,unknown,0.0,False
5448.5,unknown,0.0,unknown,0.0,unknown,0.0,False
5449.0,unknown,0.0,unknown,0.0,unknown,0.0,False
5449.5,takedown,0.518642332954556,none,0.44894479708346674,takedown2,0.3150288540474766,True
5450.0,takedown,0.6428541385330401,none,0.5660991787336671,takedown1,0.5521650719186817,True
5450.5,takedown,0.641843234130269,none,0.4458486991909809,takedown1,0.6638425785914956,True
5451.0,standing,0.5841465600746323,none,0.7331477476240641,standing,0.5119116609046231,True
5451.5,open_guard,0.43986788252977493,athlete2,0.4880149155772235,takedown2,0.7460479243045387,True
5452.0,open_guard,0.520967373017072,athlete1,0.5342596151079421,open_guard1,0.30404989103746943,True
5452.5,5050_guard,0.8016777863244429,none,0.6389479093423358,5050_guard,0.5829841967244043,True
5453.0,unknown,0.0,unknown,0.0,unknown,0.0,False
5453.5,open_guard,0.6866400429855896,athlete2,0.9213956983929974,open_guard2,0.9252979064889814,True
5454.0,mount,0.9177836050880724,athlete2,0.99999999697108,back2,0.5562983401391771,True
5454.5,open_guard,0.9689591595068623,athlete2,0.9999904847221419,back2,0.48962811596211686,True
5455.0,open_guard,0.6934956798762134,athlete2,0.9998633438374644,open_guard2,0.898811095390872,True
5455.5,mount,0.9994259230290754,athlete2,0.9999999999995313,mount2,0.906821509314914,True
5456.0,mount,0.9065972020632129,athlete2,0.999999962935459,back2,0.9885856797192071,True
5456.5,unknown,0.0,unknown,0.0,unknown,0.0,False
5457.0,unknown,0.0,unknown,0.0,unknown,0.0,False
5457.5,unknown,0.0,unknown,0.0,unknown,0.0,False
5458.0,mount,0.9768948343313038,athlete2,0.9999997238851236,back2,0.9513947974458694,True
5458.5,open_guard,0.7275296899655308,athlete1,0.7742338051192152,open_guard2,0.918783055356812,True
5459.0,half_guard,0.6380813236618054,athlete2,0.5004959378786391,back1,0.32704901161371713,True
5459.5,5050_guard,0.7427431505677439,none,0.6170698666498903,5050_guard,0.6826428930033432,True
5460.0,open_guard,0.3594377157698076,athlete2,0.8651892789945544,open_guard2,0.6720200378253455,True
5460.5,5050_guard,0.45863276236563894,athlete2,0.5945281530379135,back2,0.5021797744948979,True
5461.0,back,0.7318374524629127,none,0.8101131141064319,back2,0.49676185724221517,True
5461.5,back,0.7103906419088631,none,0.6157812785938139,back2,0.6820925420458096,True
5462.0,back,0.8521809743664287,none,0.825634743420111,back2,0.4285975094471358,True
5462.5,standing,0.6749145595728168,athlete2,0.9692867058215828,open_guard2,0.6992096143832691,True
5463.0,takedown,0.3759625507205122,none,0.6070111403572661,open_guard2,0.5874126394757021,True
5463.5,takedown,0.6969903255238833,none,0.6108123997604256,open_guard2,0.6276011309542306,True
5464.0,standing,0.9871726231227241,none,0.5843036487670634,standing,0.975753732686214,True
5464.5,standing,0.9970656749974535,none,0.6947786858296714,standing,0.9947783285813924,True
5465.0,standing,0.8755223776578005,none,0.8351525967798404,standing,0.9349561672039732,True
5465.5,standing,0.9985893910473481,none,0.876623526215658,standing,0.996591705244304,True
5466.0,unknown,0.0,unknown,0.0,unknown,0.0,False
5466.5,unknown,0.0,unknown,0.0,unknown,0.0,False
5467.0,5050_guard,0.9487419476095231,none,0.6355277298398798,5050_guard,0.969859422437562,True
5467.5,5050_guard,0.9492507093861924,none,0.9038222937130939,5050_guard,0.8458727524260998,True
5468.0,5050_guard,0.34002945431337434,none,0.57813537229118,5050_guard,0.6716805648742106,True
5468.5,unknown,0.0,unknown,0.0,unknown,0.0,False
5469.0,unknown,0.0,unknown,0.0,unknown,0.0,False
5469.5,unknown,0.0,unknown,0.0,unknown,0.0,False
5470.0,unknown,0.0,unknown,0.0,unknown,0.0,False
5470.5,unknown,0.0,unknown,0.0,unknown,0.0,False
5471.0,turtle,0.5544114103855345,athlete2,0.6419252876420868,open_guard2,0.457688524350188,True
5471.5,5050_guard,0.8031962415021053,none,0.8830688998306037,back2,0.7214944158165094,True
5472.0,5050_guard,0.5242866478345236,none,0.8876511868102224,back2,0.6931746403900731,True
5472.5,5050_guard,0.6519829841800839,none,0.8914993071396876,open_guard2,0.6307773701977192,True
5473.0,5050_guard,0.7332833291087262,none,0.8919394253329535,open_guard2,0.6235533461078105,True
5473.5,5050_guard,0.6648354551737053,none,0.8692672023382498,open_guard2,0.7238055018230433,True
5474.0,back,0.5292566471646357,athlete2,0.7218488676855962,open_guard2,0.8327605712061772,True
5474.5,back,0.41332381311931643,none,0.8315443076017683,open_guard2,0.909502282499071,True
5475.0,5050_guard,0.5966573336114445,none,0.8640747957134767,open_guard2,0.6209624231680478,True
5475.5,back,0.39054036298120787,none,0.8010766388897186,open_guard2,0.6959807271701117,True
5476.0,back,0.7930026683197288,none,0.6974289861801585,open_guard2,0.6229763236877971,True
5476.5,back,0.6635689187671996,none,0.6423612119563421,back2,0.5652183715409475,True
5477.0,back,0.9363015461638062,none,0.8368988243229964,back2,0.47230208943897184,True
5477.5,back,0.8831893908770514,none,0.7935612621254617,back2,0.5334314067076015,True
5478.0,takedown,0.47396013259174324,none,0.8253487794517413,takedown1,0.2948505593710351,True
5478.5,back,0.6622478036113869,none,0.8349236178603172,back2,0.67049726411116,True
5479.0,back,0.9016902100752672,none,0.9066000274437473,back2,0.4752106046063403,True
5479.5,5050_guard,0.6954388994172755,none,0.9331979242394834,5050_guard,0.729609456258402,True
5480.0,back,0.5528358507578783,none,0.7751410090161003,back2,0.631396392007656,True
5480.5,turtle,0.33922904465274256,none,0.7273803803716508,back2,0.42384868472797355,True
5481.0,5050_guard,0.9726595582884459,none,0.9269568630486694,5050_guard,0.9915890028660499,True
5481.5,open_guard,0.6945315393321797,none,0.8319325600419022,open_guard2,0.9899654070357311,True
5482.0,unknown,0.0,unknown,0.0,unknown,0.0,False
5482.5,unknown,0.0,unknown,0.0,unknown,0.0,False
5483.0,unknown,0.0,unknown,0.0,unknown,0.0,False
5483.5,unknown,0.0,unknown,0.0,unknown,0.0,False
5484.0,unknown,0.0,unknown,0.0,unknown,0.0,False
5484.5,open_guard,0.4293558388434571,none,0.7128149383448347,open_guard2,0.9924215862647161,True
5485.0,open_guard,0.9909351305297546,athlete1,0.710714819876752,open_guard2,0.7485216175501531,True
5485.5,unknown,0.0,unknown,0.0,unknown,0.0,False
5486.0,unknown,0.0,unknown,0.0,unknown,0.0,False
5486.5,unknown,0.0,unknown,0.0,unknown,0.0,False
5487.0,unknown,0.0,unknown,0.0,unknown,0.0,False
5487.5,unknown,0.0,unknown,0.0,unknown,0.0,False
5488.0,unknown,0.0,unknown,0.0,unknown,0.0,False
5488.5,5050_guard,0.9829581607444655,none,0.9594139148183911,5050_guard,0.877323899789985,True
5489.0,5050_guard,0.9296549626660059,none,0.9545138114261603,5050_guard,0.8848696583575864,True
5489.5,5050_guard,0.9857730229602919,none,0.8880908320242054,5050_guard,0.9566061502937091,True
5490.0,5050_guard,0.8534669023646804,none,0.9695186336549314,5050_guard,0.8981362704278409,True
5490.5,5050_guard,0.8993872265005479,none,0.931168576053897,5050_guard,0.8517550408726302,True
5491.0,5050_guard,0.7766733780647814,none,0.9776392818770752,5050_guard,0.8246550116142942,True
5491.5,5050_guard,0.5652962528624147,none,0.9823281168969419,takedown2,0.6605621074276545,True
5492.0,5050_guard,0.9217776984234434,none,0.9327358309835978,5050_guard,0.926805740921989,True
5492.5,5050_guard,0.8887764832739142,none,0.9127058999012259,open_guard2,0.4945319245319991,True
5493.0,5050_guard,0.6756924129912355,none,0.544249958326933,open_guard2,0.7963690687965329,True
5493.5,standing,0.48770339753763386,none,0.7478651407970572,standing,0.36431715348034543,True
5494.0,takedown,0.3124808815890689,none,0.5634344231723432,open_guard2,0.9123342104766659,True
5494.5,5050_guard,0.8881444638586004,none,0.9622938260846505,5050_guard,0.8839999457957994,True
5495.0,standing,0.9902474650441805,none,0.8538607302305186,standing,0.9867071698290408,True
5495.5,standing,0.993610888655978,none,0.8560607218493042,standing,0.9892673606507197,True
5496.0,standing,0.9931239658496109,none,0.8443680314188313,standing,0.9898577405344091,True
5496.5,standing,0.9932481484597613,none,0.8193818503280077,standing,0.9912067449166857,True
5497.0,standing,0.991994995293667,none,0.8355178469295457,standing,0.9895094092798081,True
5497.5,standing,0.9936963269508091,none,0.8340936825841659,standing,0.9916387726313869,True
5498.0,standing,0.9977367913539585,none,0.8335137736323139,standing,0.9969354430664829,True
5498.5,standing,0.9976153237389218,none,0.8304468914288489,standing,0.9968109469682255,True
5499.0,standing,0.9973021106862704,none,0.8171774472607937,standing,0.9964919562593791,True
5499.5,standing,0.9923068362406079,none,0.8426720309157706,standing,0.9890837603829908,True
5500.0,standing,0.9937174742353581,none,0.8307409096377196,standing,0.9914163449310438,True
5500.5,standing,0.9940197931140652,none,0.8399360304450233,standing,0.9916129192204657,True
5501.0,standing,0.9942083171455731,none,0.834890401240818,standing,0.9914842189858478,True
5501.5,standing,0.9943573133148121,none,0.8221479063279183,standing,0.992631102182874,True
5502.0,standing,0.9927184519467379,none,0.8537802638725691,standing,0.9898575139543891,True
5502.5,standing,0.9920461684865884,none,0.8385406858778198,standing,0.9886118752429658,True
5503.0,standing,0.9940714991891935,none,0.8540255186170695,standing,0.9906638096979646,True
5503.5,standing,0.9931135438663665,none,0.8492876517869866,standing,0.9891290028538982,True
5504.0,standing,0.9939108648309084,none,0.8331597459966574,standing,0.9907726443475046,True
5504.5,standing,0.9946931691237555,none,0.8381439678470742,standing,0.9918303026216688,True
5505.0,standing,0.9941379299325895,none,0.8379940698195676,standing,0.9915573833321243,True
5505.5,standing,0.9946994177651587,none,0.8437458327075482,standing,0.9916472209324648,True
5506.0,standing,0.9950374049011261,none,0.8520821695396354,standing,0.9923725681132127,True
5506.5,standing,0.9952295221730884,none,0.8536590501140879,standing,0.9928407821607489,True
5507.0,standing,0.9949845108686913,none,0.8475488289934432,standing,0.9924950898396615,True
5507.5,standing,0.9943018645134835,none,0.8440686835587319,standing,0.9917175749699917,True
5508.0,standing,0.9946814419592924,none,0.8466843511557892,standing,0.9924984380450184,True
5508.5,standing,0.995226942223268,none,0.8429795165030888,standing,0.9935205790345808,True
5509.0,standing,0.9951740852538894,none,0.6471196218260753,standing,0.9922404867318373,True
5509.5,standing,0.9955583343312091,none,0.7050760758096433,standing,0.9940959596268462,True
5510.0,standing,0.9983903874457077,none,0.6856747248521129,standing,0.9987225047476048,True
5510.5,standing,0.8871025891498457,none,0.466793354730628,standing,0.9464612347169544,True
5511.0,5050_guard,0.7268456442554122,none,0.7018958251872998,5050_guard,0.6612558656490589,True
5511.5,open_guard,0.5317107095603899,none,0.794856530936398,open_guard2,0.9059286894100903,True
5512.0,5050_guard,0.8106312466974078,none,0.963584725086331,5050_guard,0.8612650123437425,True
5512.5,5050_guard,0.8736359243446061,none,0.9184324281015009,5050_guard,0.9207601695011249,True
5513.0,unknown,0.0,unknown,0.0,unknown,0.0,False
5513.5,5050_guard,0.9945474043863208,none,0.981046888323123,5050_guard,0.970794458082171,True
5514.0,5050_guard,0.9741617921438703,none,0.9724244644851138,5050_guard,0.9570515042635409,True
5514.5,5050_guard,0.9911138941891955,none,0.9762633827174876,5050_guard,0.9870935605945088,True
5515.0,unknown,0.0,unknown,0.0,unknown,0.0,False
5515.5,unknown,0.0,unknown,0.0,unknown,0.0,False
5516.0,5050_guard,0.9324134980440281,none,0.9143101986816834,5050_guard,0.7761841014698148,True
5516.5,standing,0.8114368324772528,none,0.8234428187525421,open_guard2,0.6890621609385906,True
5517.0,unknown,0.0,unknown,0.0,unknown,0.0,False
5517.5,unknown,0.0,unknown,0.0,unknown,0.0,False
5518.0,unknown,0.0,unknown,0.0,unknown,0.0,False
5518.5,5050_guard,0.7066364090537204,none,0.9318467227826568,5050_guard,0.37438312999453227,True
5519.0,unknown,0.0,unknown,0.0,unknown,0.0,False
5519.5,unknown,0.0,unknown,0.0,unknown,0.0,False
5520.0,unknown,0.0,unknown,0.0,unknown,0.0,False
5520.5,unknown,0.0,unknown,0.0,unknown,0.0,False
5521.0,unknown,0.0,unknown,0.0,unknown,0.0,False
5521.5,unknown,0.0,unknown,0.0,unknown,0.0,False
5522.0,unknown,0.0,unknown,0.0,unknown,0.0,False
5522.5,unknown,0.0,unknown,0.0,unknown,0.0,False
5523.0,unknown,0.0,unknown,0.0,unknown,0.0,False
5523.5,unknown,0.0,unknown,0.0,unknown,0.0,False
5524.0,unknown,0.0,unknown,0.0,unknown,0.0,False
5524.5,unknown,0.0,unknown,0.0,unknown,0.0,False
5525.0,unknown,0.0,unknown,0.0,unknown,0.0,False
5525.5,unknown,0.0,unknown,0.0,unknown,0.0,False
5526.0,unknown,0.0,unknown,0.0,unknown,0.0,False
5526.5,unknown,0.0,unknown,0.0,unknown,0.0,False
5527.0,unknown,0.0,unknown,0.0,unknown,0.0,False
5527.5,unknown,0.0,unknown,0.0,unknown,0.0,False
5528.0,unknown,0.0,unknown,0.0,unknown,0.0,False
5528.5,unknown,0.0,unknown,0.0,unknown,0.0,False
5529.0,unknown,0.0,unknown,0.0,unknown,0.0,False
5529.5,unknown,0.0,unknown,0.0,unknown,0.0,False
5530.0,unknown,0.0,unknown,0.0,unknown,0.0,False
5530.5,unknown,0.0,unknown,0.0,unknown,0.0,False
5531.0,unknown,0.0,unknown,0.0,unknown,0.0,False
5531.5,unknown,0.0,unknown,0.0,unknown,0.0,False
5532.0,unknown,0.0,unknown,0.0,unknown,0.0,False
5532.5,unknown,0.0,unknown,0.0,unknown,0.0,False
5533.0,unknown,0.0,unknown,0.0,unknown,0.0,False
5533.5,unknown,0.0,unknown,0.0,unknown,0.0,False
5534.0,unknown,0.0,unknown,0.0,unknown,0.0,False
5534.5,unknown,0.0,unknown,0.0,unknown,0.0,False
5535.0,standing,0.5746918715160377,none,0.7543615846454708,takedown2,0.5513092999807421,True
5535.5,standing,0.574949338210633,none,0.7536445285148259,takedown2,0.551463149045568,True
5536.0,open_guard,0.3007520528239577,none,0.6957624882224966,takedown2,0.6572514001160874,True
5536.5,turtle,0.43405855701143564,athlete1,0.46499930958565444,back1,0.6976369080174182,True
5537.0,turtle,0.39810833751379193,none,0.5094393076145377,back1,0.38220579700080504,True
5537.5,back,0.4650336227037993,none,0.5257336462784035,back1,0.3791166135082798,True
5538.0,back,0.5719515701054563,none,0.5264972712696793,back2,0.5539167924590136,True
5538.5,takedown,0.6612234702281082,none,0.5748507381778347,takedown2,0.5615650105165907,True
5539.0,open_guard,0.7221025314255044,none,0.5861500837891864,open_guard2,0.7529204405706297,True
5539.5,standing,0.5207267062861044,none,0.6864385845007999,standing,0.5210849698406791,True
5540.0,open_guard,0.4881235650021574,athlete2,0.6752834256688887,open_guard2,0.8837885515373038,True
5540.5,takedown,0.4684505962611639,athlete2,0.44948342429124793,open_guard2,0.49713816298160446,True
5541.0,takedown,0.3935254037683139,none,0.4714101783991948,takedown1,0.2946966976917234,True
5541.5,open_guard,0.5590256459061412,none,0.652607903061134,open_guard2,0.717982881213249,True
5542.0,takedown,0.5564022357646987,none,0.7684852402218528,takedown2,0.5215379193093382,True
5542.5,takedown,0.6397023348752696,athlete2,0.5651417702679067,takedown2,0.4429861896416094,True
5543.0,back,0.5100630569409335,athlete1,0.5569097217478854,mount1,0.35670484741377373,True
5543.5,back,0.31791415141318,athlete2,0.581037121847314,takedown2,0.3630616254158275,True
5544.0,turtle,0.3481679875844232,athlete2,0.820502155017863,open_guard2,0.828977557250973,True
5544.5,unknown,0.0,unknown,0.0,unknown,0.0,False
5545.0,back,0.6132784643689758,athlete2,0.5851795785762188,open_guard2,0.4867487757431418,True
5545.5,back,0.49685414841222697,none,0.5168893347333119,open_guard2,0.6162942339414403,True
5546.0,unknown,0.0,unknown,0.0,unknown,0.0,False
5546.5,unknown,0.0,unknown,0.0,unknown,0.0,False
5547.0,takedown,0.5556991995680151,athlete2,0.8970317403259213,open_guard2,0.9540865288972142,True
5547.5,unknown,0.0,unknown,0.0,unknown,0.0,False
5548.0,unknown,0.0,unknown,0.0,unknown,0.0,False
5548.5,back,0.7332842398199393,none,0.5275173499396949,back2,0.6741272260790034,True
5549.0,back,0.6742305669722103,none,0.6055634211641551,back2,0.35780842590057327,True
5549.5,5050_guard,0.8682826433402528,none,0.4307070370400464,5050_guard,0.8392475862657587,True
5550.0,back,0.8945422827670305,athlete2,0.7628751719770919,back2,0.9430630883040257,True
5550.5,unknown,0.0,unknown,0.0,unknown,0.0,False
5551.0,unknown,0.0,unknown,0.0,unknown,0.0,False
5551.5,back,0.7620883779970535,none,0.37674585912472364,back1,0.5409087184970767,True
5552.0,unknown,0.0,unknown,0.0,unknown,0.0,False
5552.5,back,0.9266591158563753,athlete2,0.588310246511256,open_guard2,0.32417240158933,True
5553.0,unknown,0.0,unknown,0.0,unknown,0.0,False
5553.5,side_control,0.659543505215679,athlete2,0.9891005820335365,half_guard2,0.6318163672696636,True
5554.0,5050_guard,0.7827973835228996,none,0.8664087011012513,back1,0.7555295025372792,True
5554.5,unknown,0.0,unknown,0.0,unknown,0.0,False
5555.0,turtle,0.5365195839638385,athlete2,0.5527675543091443,open_guard2,0.4711586588489306,True
5555.5,takedown,0.5522731454007469,none,0.5139924864677222,open_guard2,0.9671825464989675,True
5556.0,open_guard,0.26047012378957635,athlete2,0.9959881053105948,open_guard2,0.9424929189205093,True
5556.5,standing,0.8170288716772816,none,0.49972015828756966,standing,0.5914448298012733,True
5557.0,unknown,0.0,unknown,0.0,unknown,0.0,False
5557.5,unknown,0.0,unknown,0.0,unknown,0.0,False
5558.0,unknown,0.0,unknown,0.0,unknown,0.0,False
5558.5,back,0.6101534051156035,none,0.8703928529716428,takedown2,0.3226076983113429,True
5559.0,unknown,0.0,unknown,0.0,unknown,0.0,False
5559.5,open_guard,0.32562696376637396,none,0.7292949418807415,takedown2,0.8082297199982195,True
5560.0,open_guard,0.7807696174279298,athlete2,0.6268169858261992,open_guard2,0.8286884794117952,True
5560.5,open_guard,0.6199309604548958,athlete2,0.6061327110251769,open_guard2,0.9445306437888742,True
5561.0,standing,0.9593718077846421,none,0.9093343932356484,standing,0.6977331765735965,True
5561.5,open_guard,0.7400374227518975,none,0.5196485394253135,open_guard2,0.6470391718338869,True
5562.0,half_guard,0.4922168575043943,none,0.6727753671101132,half_guard2,0.3490566851352851,True
5562.5,takedown,0.44064275226087296,none,0.7314980407676763,takedown2,0.616285909461354,True
5563.0,standing,0.9967561901229266,none,0.872085394326118,standing,0.9989551157675383,True
5563.5,open_guard,0.43513263275668457,athlete2,0.5663589393546324,open_guard2,0.5684944540937212,True
5564.0,open_guard,0.4743175788615996,athlete2,0.8901762308290802,open_guard2,0.9309557703599588,True
5564.5,takedown,0.49135746023219046,athlete2,0.582101929669075,takedown2,0.46671772618852825,True
5565.0,takedown,0.511472459983788,athlete2,0.5679339030165796,takedown2,0.7034558487771153,True
5565.5,turtle,0.732071837238169,athlete2,0.8527535257632215,back2,0.7513834902295554,True
5566.0,half_guard,0.5977196415623134,none,0.5714894910408465,5050_guard,0.6341093020660166,True
5566.5,5050_guard,0.9457702383553382,none,0.7085303491635789,5050_guard,0.7878401525688035,True
5567.0,turtle,0.6099566620609717,none,0.5368944472527738,closed_guard2,0.30457105090603565,True
5567.5,5050_guard,0.6264466264569428,none,0.8963610054022094,5050_guard,0.48977390145009153,True
5568.0,back,0.9596669754327202,athlete1,0.5157906728234779,back1,0.6778917788450785,True
5568.5,open_guard,0.988967073420204,athlete1,0.7198213822247749,5050_guard,0.7237479730603538,True
5569.0,open_guard,0.9875130518515277,none,0.617417874787848,takedown2,0.8230227825262438,True
5569.5,5050_guard,0.9765105918068168,none,0.8968062973467771,5050_guard,0.9814620131841829,True
5570.0,unknown,0.0,unknown,0.0,unknown,0.0,False
5570.5,unknown,0.0,unknown,0.0,unknown,0.0,False
5571.0,unknown,0.0,unknown,0.0,unknown,0.0,False
5571.5,unknown,0.0,unknown,0.0,unknown,0.0,False
5572.0,standing,0.84249062690654,none,0.8107841232840076,standing,0.8845954861280181,True
5572.5,unknown,0.0,unknown,0.0,unknown,0.0,False
5573.0,unknown,0.0,unknown,0.0,unknown,0.0,False
5573.5,unknown,0.0,unknown,0.0,unknown,0.0,False
5574.0,unknown,0.0,unknown,0.0,unknown,0.0,False
5574.5,unknown,0.0,unknown,0.0,unknown,0.0,False
5575.0,unknown,0.0,unknown,0.0,unknown,0.0,False
5575.5,unknown,0.0,unknown,0.0,unknown,0.0,False
5576.0,unknown,0.0,unknown,0.0,unknown,0.0,False
5576.5,unknown,0.0,unknown,0.0,unknown,0.0,False
5577.0,unknown,0.0,unknown,0.0,unknown,0.0,False
5577.5,unknown,0.0,unknown,0.0,unknown,0.0,False
5578.0,unknown,0.0,unknown,0.0,unknown,0.0,False
5578.5,unknown,0.0,unknown,0.0,unknown,0.0,False
5579.0,unknown,0.0,unknown,0.0,unknown,0.0,False
5579.5,unknown,0.0,unknown,0.0,unknown,0.0,False
5580.0,unknown,0.0,unknown,0.0,unknown,0.0,False
5580.5,unknown,0.0,unknown,0.0,unknown,0.0,False
5581.0,unknown,0.0,unknown,0.0,unknown,0.0,False
5581.5,unknown,0.0,unknown,0.0,unknown,0.0,False
5582.0,unknown,0.0,unknown,0.0,unknown,0.0,False
5582.5,unknown,0.0,unknown,0.0,unknown,0.0,False
5583.0,unknown,0.0,unknown,0.0,unknown,0.0,False
5583.5,unknown,0.0,unknown,0.0,unknown,0.0,False
5584.0,unknown,0.0,unknown,0.0,unknown,0.0,False
5584.5,unknown,0.0,unknown,0.0,unknown,0.0,False
5585.0,unknown,0.0,unknown,0.0,unknown,0.0,False
5585.5,unknown,0.0,unknown,0.0,unknown,0.0,False
5586.0,unknown,0.0,unknown,0.0,unknown,0.0,False
5586.5,unknown,0.0,unknown,0.0,unknown,0.0,False
5587.0,unknown,0.0,unknown,0.0,unknown,0.0,False
5587.5,unknown,0.0,unknown,0.0,unknown,0.0,False
5588.0,unknown,0.0,unknown,0.0,unknown,0.0,False
5588.5,unknown,0.0,unknown,0.0,unknown,0.0,False
5589.0,unknown,0.0,unknown,0.0,unknown,0.0,False
5589.5,unknown,0.0,unknown,0.0,unknown,0.0,False
5590.0,unknown,0.0,unknown,0.0,unknown,0.0,False
5590.5,unknown,0.0,unknown,0.0,unknown,0.0,False
5591.0,unknown,0.0,unknown,0.0,unknown,0.0,False
5591.5,unknown,0.0,unknown,0.0,unknown,0.0,False
