timestamp,position,position_conf,role,role_conf,state,state_conf,pose_pair,identity_resolved
5292.0,takedown,0.0,unknown,0.0,takedown1,0.0,False,False
5292.5,takedown,0.7375288948043276,athlete2,0.9822923865965335,takedown1,0.5419615956682214,True,True
5293.0,takedown,0.6194881690043237,athlete2,0.9330519999843189,takedown1,0.6187625767548196,True,True
5293.5,takedown,0.8561239900034633,athlete2,0.9699039751709063,takedown1,0.5725436204197274,True,True
5294.0,takedown,0.7739324129821908,athlete2,0.9956497099939438,takedown1,0.9120800309232331,True,True
5294.5,takedown,0.6876217906717129,athlete2,0.9004348156311225,takedown1,0.6479985360181009,True,True
5295.0,takedown,0.6592846802702955,athlete2,0.9773263240515028,takedown1,0.4586717489868113,True,True
5295.5,unknown,0.0,athlete2,0.0,unknown,0.0,False,False
5296.0,unknown,0.0,athlete2,0.0,unknown,0.0,False,False
5296.5,unknown,0.0,athlete2,0.0,unknown,0.0,False,False
5297.0,unknown,0.0,athlete2,0.0,unknown,0.0,False,False
5297.5,unknown,0.0,athlete2,0.0,unknown,0.0,False,False
5298.0,unknown,0.0,athlete2,0.0,unknown,0.0,False,False
5298.5,unknown,0.0,athlete2,0.0,unknown,0.0,False,False
5299.0,unknown,0.0,athlete2,0.0,unknown,0.0,False,False
5299.5,unknown,0.0,athlete2,0.0,unknown,0.0,False,False
5300.0,unknown,0.0,athlete2,0.0,unknown,0.0,False,False
5300.5,unknown,0.0,athlete2,0.0,unknown,0.0,False,False
5301.0,unknown,0.0,athlete2,0.0,unknown,0.0,False,False
5301.5,unknown,0.0,athlete2,0.0,unknown,0.0,False,False
5302.0,unknown,0.0,athlete2,0.0,unknown,0.0,False,False
5302.5,unknown,0.0,athlete2,0.0,unknown,0.0,False,False
5303.0,unknown,0.0,athlete2,0.0,unknown,0.0,False,False
5303.5,unknown,0.0,athlete2,0.0,unknown,0.0,False,False
5304.0,unknown,0.0,athlete2,0.0,unknown,0.0,False,False
5304.5,unknown,0.0,athlete2,0.0,unknown,0.0,False,False
5305.0,unknown,0.0,athlete2,0.0,unknown,0.0,False,False
5305.5,unknown,0.0,athlete2,0.0,unknown,0.0,False,False
5306.0,unknown,0.0,athlete2,0.0,unknown,0.0,False,False
5306.5,unknown,0.0,athlete2,0.0,unknown,0.0,False,False
5307.0,unknown,0.0,athlete2,0.0,unknown,0.0,False,False
5307.5,unknown,0.0,athlete2,0.0,unknown,0.0,False,False
5308.0,unknown,0.0,athlete2,0.0,unknown,0.0,False,False
5308.5,unknown,0.0,athlete2,0.0,unknown,0.0,False,False
5309.0,unknown,0.0,athlete2,0.0,unknown,0.0,False,False
5309.5,unknown,0.0,athlete2,0.0,unknown,0.0,False,False
5310.0,unknown,0.0,athlete2,0.0,unknown,0.0,False,False
5310.5,unknown,0.0,athlete2,0.0,unknown,0.0,False,False
5311.0,unknown,0.0,athlete2,0.0,unknown,0.0,False,False
5311.5,unknown,0.0,athlete2,0.0,unknown,0.0,False,False
5312.0,unknown,0.0,athlete2,0.0,unknown,0.0,False,False
5312.5,unknown,0.0,athlete2,0.0,unknown,0.0,False,False
5313.0,unknown,0.0,athlete2,0.0,unknown,0.0,False,False
5313.5,unknown,0.0,athlete2,0.0,unknown,0.0,False,False
5314.0,unknown,0.0,athlete2,0.0,unknown,0.0,False,False
5314.5,unknown,0.0,athlete2,0.0,unknown,0.0,False,False
5315.0,unknown,0.0,athlete2,0.0,unknown,0.0,False,False
5315.5,unknown,0.0,athlete2,0.0,unknown,0.0,False,False
5316.0,unknown,0.0,athlete2,0.0,unknown,0.0,False,False
5316.5,unknown,0.0,athlete2,0.0,unknown,0.0,False,False
5317.0,unknown,0.0,athlete2,0.0,unknown,0.0,False,False
5317.5,unknown,0.0,athlete2,0.0,unknown,0.0,False,False
5318.0,unknown,0.0,athlete2,0.0,unknown,0.0,False,False
5318.5,unknown,0.0,athlete2,0.0,unknown,0.0,False,False
5319.0,unknown,0.0,athlete2,0.0,unknown,0.0,False,False
5319.5,unknown,0.0,athlete2,0.0,unknown,0.0,False,False
5320.0,unknown,0.0,athlete2,0.0,unknown,0.0,False,False
5320.5,unknown,0.0,athlete2,0.0,unknown,0.0,False,False
5321.0,unknown,0.0,athlete2,0.0,unknown,0.0,False,False
5321.5,unknown,0.0,athlete2,0.0,unknown,0.0,False,False
5322.0,unknown,0.0,athlete2,0.0,unknown,0.0,False,False
5322.5,unknown,0.0,athlete2,0.0,unknown,0.0,False,False
5323.0,unknown,0.0,athlete2,0.0,unknown,0.0,False,False
5323.5,unknown,0.0,athlete2,0.0,unknown,0.0,False,False
5324.0,unknown,0.0,athlete2,0.0,unknown,0.0,False,False
5324.5,unknown,0.0,athlete2,0.0,unknown,0.0,False,False
5325.0,unknown,0.0,athlete2,0.0,unknown,0.0,False,False
5325.5,unknown,0.0,athlete2,0.0,unknown,0.0,False,False
5326.0,unknown,0.0,athlete2,0.0,unknown,0.0,False,False
5326.5,unknown,0.0,athlete2,0.0,unknown,0.0,False,False
5327.0,unknown,0.0,athlete2,0.0,unknown,0.0,False,False
5327.5,unknown,0.0,athlete2,0.0,unknown,0.0,False,False
5328.0,unknown,0.0,athlete2,0.0,unknown,0.0,False,False
5328.5,unknown,0.0,athlete2,0.0,unknown,0.0,False,False
5329.0,unknown,0.0,athlete2,0.0,unknown,0.0,False,False
5329.5,unknown,0.0,athlete2,0.0,unknown,0.0,False,False
5330.0,unknown,0.0,athlete2,0.0,unknown,0.0,False,False
5330.5,unknown,0.0,athlete2,0.0,unknown,0.0,False,False
5331.0,unknown,0.0,athlete2,0.0,unknown,0.0,False,False
5331.5,unknown,0.0,athlete2,0.0,unknown,0.0,False,False
5332.0,unknown,0.0,athlete2,0.0,unknown,0.0,False,False
5332.5,unknown,0.0,athlete2,0.0,unknown,0.0,False,False
5333.0,unknown,0.0,athlete2,0.0,unknown,0.0,False,False
5333.5,unknown,0.0,athlete2,0.0,unknown,0.0,False,False
5334.0,unknown,0.0,athlete2,0.0,unknown,0.0,False,False
5334.5,unknown,0.0,athlete2,0.0,unknown,0.0,False,False
5335.0,unknown,0.0,athlete2,0.0,unknown,0.0,False,False
5335.5,unknown,0.0,athlete2,0.0,unknown,0.0,False,False
5336.0,unknown,0.0,athlete2,0.0,unknown,0.0,False,False
5336.5,unknown,0.0,athlete2,0.0,unknown,0.0,False,False
5337.0,unknown,0.0,athlete2,0.0,unknown,0.0,False,False
5337.5,unknown,0.0,athlete2,0.0,unknown,0.0,False,False
5338.0,unknown,0.0,athlete2,0.0,unknown,0.0,False,False
5338.5,unknown,0.0,athlete2,0.0,unknown,0.0,False,False
5339.0,unknown,0.0,athlete2,0.0,unknown,0.0,False,False
5339.5,unknown,0.0,athlete2,0.0,unknown,0.0,False,False
5340.0,unknown,0.0,athlete2,0.0,unknown,0.0,False,False
5340.5,unknown,0.0,athlete2,0.0,unknown,0.0,False,False
5341.0,unknown,0.0,athlete2,0.0,unknown,0.0,False,False
5341.5,unknown,0.0,athlete2,0.0,unknown,0.0,False,False
5342.0,unknown,0.0,athlete2,0.0,unknown,0.0,False,False
5342.5,unknown,0.0,athlete2,0.0,unknown,0.0,False,False
5343.0,unknown,0.0,athlete2,0.0,unknown,0.0,False,False
5343.5,unknown,0.0,athlete2,0.0,unknown,0.0,False,False
5344.0,unknown,0.0,athlete2,0.0,unknown,0.0,False,False
5344.5,unknown,0.0,athlete2,0.0,unknown,0.0,False,False
5345.0,unknown,0.0,athlete2,0.0,unknown,0.0,False,False
5345.5,unknown,0.0,athlete2,0.0,unknown,0.0,False,False
5346.0,unknown,0.0,athlete2,0.0,unknown,0.0,False,False
5346.5,unknown,0.0,athlete2,0.0,unknown,0.0,False,False
5347.0,unknown,0.0,athlete2,0.0,unknown,0.0,False,False
5347.5,unknown,0.0,athlete2,0.0,unknown,0.0,False,False
5348.0,unknown,0.0,athlete2,0.0,unknown,0.0,False,False
5348.5,unknown,0.0,athlete2,0.0,unknown,0.0,False,False
5349.0,unknown,0.0,athlete2,0.0,unknown,0.0,False,False
5349.5,unknown,0.0,athlete2,0.0,unknown,0.0,False,False
5350.0,unknown,0.0,athlete2,0.0,unknown,0.0,False,False
5350.5,unknown,0.0,athlete2,0.0,unknown,0.0,False,False
5351.0,unknown,0.0,athlete2,0.0,unknown,0.0,False,False
5351.5,unknown,0.0,athlete2,0.0,unknown,0.0,False,False
5352.0,unknown,0.0,athlete2,0.0,unknown,0.0,False,False
5352.5,unknown,0.0,athlete2,0.0,unknown,0.0,False,False
5353.0,unknown,0.0,athlete2,0.0,unknown,0.0,False,False
5353.5,unknown,0.0,athlete2,0.0,unknown,0.0,False,False
5354.0,unknown,0.0,athlete2,0.0,unknown,0.0,False,False
5354.5,unknown,0.0,athlete2,0.0,unknown,0.0,False,False
5355.0,unknown,0.0,athlete2,0.0,unknown,0.0,False,False
5355.5,unknown,0.0,athlete2,0.0,unknown,0.0,False,False
5356.0,unknown,0.0,athlete2,0.0,unknown,0.0,False,False
5356.5,unknown,0.0,athlete2,0.0,unknown,0.0,False,False
5357.0,unknown,0.0,athlete2,0.0,unknown,0.0,False,False
5357.5,unknown,0.0,athlete2,0.0,unknown,0.0,False,False
5358.0,unknown,0.0,athlete2,0.0,unknown,0.0,False,False
5358.5,unknown,0.0,athlete2,0.0,unknown,0.0,False,False
5359.0,unknown,0.0,athlete2,0.0,unknown,0.0,False,False
5359.5,unknown,0.0,athlete2,0.0,unknown,0.0,False,False
5360.0,unknown,0.0,athlete2,0.0,unknown,0.0,False,False
5360.5,unknown,0.0,athlete2,0.0,unknown,0.0,False,False
5361.0,unknown,0.0,athlete2,0.0,unknown,0.0,False,False
5361.5,unknown,0.0,athlete2,0.0,unknown,0.0,False,False
5362.0,unknown,0.0,athlete2,0.0,unknown,0.0,False,False
5362.5,unknown,0.0,athlete2,0.0,unknown,0.0,False,False
5363.0,unknown,0.0,athlete2,0.0,unknown,0.0,False,False
5363.5,unknown,0.0,athlete2,0.0,unknown,0.0,False,False
5364.0,unknown,0.0,athlete2,0.0,unknown,0.0,False,False
5364.5,unknown,0.0,athlete2,0.0,unknown,0.0,False,False
5365.0,unknown,0.0,athlete2,0.0,unknown,0.0,False,False
5365.5,unknown,0.0,athlete2,0.0,unknown,0.0,False,False
5366.0,unknown,0.0,athlete2,0.0,unknown,0.0,False,False
5366.5,unknown,0.0,athlete2,0.0,unknown,0.0,False,False
5367.0,unknown,0.0,athlete2,0.0,unknown,0.0,False,False
5367.5,unknown,0.0,athlete2,0.0,unknown,0.0,False,False
5368.0,unknown,0.0,athlete2,0.0,unknown,0.0,False,False
5368.5,unknown,0.0,athlete2,0.0,unknown,0.0,False,False
5369.0,unknown,0.0,athlete2,0.0,unknown,0.0,False,False
5369.5,unknown,0.0,athlete2,0.0,unknown,0.0,False,False
5370.0,unknown,0.0,athlete2,0.0,unknown,0.0,False,False
5370.5,unknown,0.0,athlete2,0.0,unknown,0.0,False,False
5371.0,unknown,0.0,athlete2,0.0,unknown,0.0,False,False
5371.5,unknown,0.0,athlete2,0.0,unknown,0.0,False,False
5372.0,unknown,0.0,athlete2,0.0,unknown,0.0,False,False
5372.5,unknown,0.0,athlete2,0.0,unknown,0.0,False,False
5373.0,unknown,0.0,athlete2,0.0,unknown,0.0,False,False
5373.5,unknown,0.0,athlete2,0.0,unknown,0.0,False,False
5374.0,unknown,0.0,athlete2,0.0,unknown,0.0,False,False
5374.5,unknown,0.0,athlete2,0.0,unknown,0.0,False,False
5375.0,unknown,0.0,athlete2,0.0,unknown,0.0,False,False
5375.5,unknown,0.0,athlete2,0.0,unknown,0.0,False,False
5376.0,unknown,0.0,athlete2,0.0,unknown,0.0,False,False
5376.5,unknown,0.0,athlete2,0.0,unknown,0.0,False,False
5377.0,unknown,0.0,athlete2,0.0,unknown,0.0,False,False
5377.5,unknown,0.0,athlete2,0.0,unknown,0.0,False,False
5378.0,unknown,0.0,athlete2,0.0,unknown,0.0,False,False
5378.5,unknown,0.0,athlete2,0.0,unknown,0.0,False,False
5379.0,unknown,0.0,athlete2,0.0,unknown,0.0,False,False
5379.5,unknown,0.0,athlete2,0.0,unknown,0.0,False,False
5380.0,unknown,0.0,athlete2,0.0,unknown,0.0,False,False
5380.5,unknown,0.0,athlete2,0.0,unknown,0.0,False,False
5381.0,unknown,0.0,athlete2,0.0,unknown,0.0,False,False
5381.5,unknown,0.0,athlete2,0.0,unknown,0.0,False,False
5382.0,unknown,0.0,athlete2,0.0,unknown,0.0,False,False
5382.5,unknown,0.0,athlete2,0.0,unknown,0.0,False,False
5383.0,unknown,0.0,athlete2,0.0,unknown,0.0,False,False
5383.5,unknown,0.0,athlete2,0.0,unknown,0.0,False,False
5384.0,unknown,0.0,athlete2,0.0,unknown,0.0,False,False
5384.5,unknown,0.0,athlete2,0.0,unknown,0.0,False,False
5385.0,unknown,0.0,athlete2,0.0,unknown,0.0,False,False
5385.5,unknown,0.0,athlete2,0.0,unknown,0.0,False,False
5386.0,unknown,0.0,athlete2,0.0,unknown,0.0,False,False
5386.5,unknown,0.0,athlete2,0.0,unknown,0.0,False,False
5387.0,unknown,0.0,athlete2,0.0,unknown,0.0,False,False
5387.5,unknown,0.0,athlete2,0.0,unknown,0.0,False,False
5388.0,unknown,0.0,athlete2,0.0,unknown,0.0,False,False
5388.5,unknown,0.0,athlete2,0.0,unknown,0.0,False,False
5389.0,unknown,0.0,athlete2,0.0,unknown,0.0,False,False
5389.5,unknown,0.0,athlete2,0.0,unknown,0.0,False,False
5390.0,unknown,0.0,athlete2,0.0,unknown,0.0,False,False
5390.5,unknown,0.0,athlete2,0.0,unknown,0.0,False,False
5391.0,unknown,0.0,athlete2,0.0,unknown,0.0,False,False
5391.5,unknown,0.0,athlete2,0.0,unknown,0.0,False,False
5392.0,unknown,0.0,athlete2,0.0,unknown,0.0,False,False
5392.5,unknown,0.0,athlete2,0.0,unknown,0.0,False,False
5393.0,unknown,0.0,athlete2,0.0,unknown,0.0,False,False
5393.5,unknown,0.0,athlete2,0.0,unknown,0.0,False,False
5394.0,unknown,0.0,athlete2,0.0,unknown,0.0,False,False
5394.5,unknown,0.0,athlete2,0.0,unknown,0.0,False,False
5395.0,unknown,0.0,athlete2,0.0,unknown,0.0,False,False
5395.5,unknown,0.0,athlete2,0.0,unknown,0.0,False,False
5396.0,unknown,0.0,athlete2,0.0,unknown,0.0,False,False
5396.5,unknown,0.0,athlete2,0.0,unknown,0.0,False,False
5397.0,unknown,0.0,athlete2,0.0,unknown,0.0,False,False
5397.5,unknown,0.0,athlete2,0.0,unknown,0.0,False,False
5398.0,unknown,0.0,athlete2,0.0,unknown,0.0,False,False
5398.5,unknown,0.0,athlete2,0.0,unknown,0.0,False,False
5399.0,unknown,0.0,athlete2,0.0,unknown,0.0,False,False
5399.5,unknown,0.0,athlete2,0.0,unknown,0.0,False,False
5400.0,unknown,0.0,athlete2,0.0,unknown,0.0,False,False
5400.5,unknown,0.0,athlete2,0.0,unknown,0.0,False,False
5401.0,unknown,0.0,athlete2,0.0,unknown,0.0,False,False
5401.5,unknown,0.0,athlete2,0.0,unknown,0.0,False,False
5402.0,unknown,0.0,athlete2,0.0,unknown,0.0,False,False
5402.5,unknown,0.0,athlete2,0.0,unknown,0.0,False,False
5403.0,unknown,0.0,athlete2,0.0,unknown,0.0,False,False
5403.5,unknown,0.0,athlete2,0.0,unknown,0.0,False,False
5404.0,unknown,0.0,athlete2,0.0,unknown,0.0,False,False
5404.5,unknown,0.0,athlete2,0.0,unknown,0.0,False,False
5405.0,unknown,0.0,athlete2,0.0,unknown,0.0,False,False
5405.5,unknown,0.0,athlete2,0.0,unknown,0.0,False,False
5406.0,unknown,0.0,athlete2,0.0,unknown,0.0,False,False
5406.5,unknown,0.0,athlete2,0.0,unknown,0.0,False,False
5407.0,unknown,0.0,athlete2,0.0,unknown,0.0,False,False
5407.5,unknown,0.0,athlete2,0.0,unknown,0.0,False,False
5408.0,unknown,0.0,athlete2,0.0,unknown,0.0,False,False
5408.5,unknown,0.0,athlete2,0.0,unknown,0.0,False,False
5409.0,unknown,0.0,athlete2,0.0,unknown,0.0,False,False
5409.5,unknown,0.0,athlete2,0.0,unknown,0.0,False,False
5410.0,unknown,0.0,athlete2,0.0,unknown,0.0,False,False
5410.5,unknown,0.0,athlete2,0.0,unknown,0.0,False,False
5411.0,unknown,0.0,athlete2,0.0,unknown,0.0,False,False
5411.5,unknown,0.0,athlete2,0.0,unknown,0.0,False,False
5412.0,unknown,0.0,athlete2,0.0,unknown,0.0,False,False
5412.5,unknown,0.0,athlete2,0.0,unknown,0.0,False,False
5413.0,unknown,0.0,athlete2,0.0,unknown,0.0,False,False
5413.5,unknown,0.0,athlete2,0.0,unknown,0.0,False,False
5414.0,unknown,0.0,athlete2,0.0,unknown,0.0,False,False
5414.5,unknown,0.0,athlete2,0.0,unknown,0.0,False,False
5415.0,unknown,0.0,athlete2,0.0,unknown,0.0,False,False
5415.5,unknown,0.0,athlete2,0.0,unknown,0.0,False,False
5416.0,unknown,0.0,athlete2,0.0,unknown,0.0,False,False
5416.5,unknown,0.0,athlete2,0.0,unknown,0.0,False,False
5417.0,unknown,0.0,athlete2,0.0,unknown,0.0,False,False
5417.5,unknown,0.0,athlete2,0.0,unknown,0.0,False,False
5418.0,unknown,0.0,athlete2,0.0,unknown,0.0,False,False
5418.5,unknown,0.0,athlete2,0.0,unknown,0.0,False,False
5419.0,unknown,0.0,athlete2,0.0,unknown,0.0,False,False
5419.5,unknown,0.0,athlete2,0.0,unknown,0.0,False,False
5420.0,unknown,0.0,athlete2,0.0,unknown,0.0,False,False
5420.5,unknown,0.0,athlete2,0.0,unknown,0.0,False,False
5421.0,unknown,0.0,athlete2,0.0,unknown,0.0,False,False
5421.5,unknown,0.0,athlete2,0.0,unknown,0.0,False,False
5422.0,unknown,0.0,athlete2,0.0,unknown,0.0,False,False
5422.5,unknown,0.0,athlete2,0.0,unknown,0.0,False,False
5423.0,unknown,0.0,athlete2,0.0,unknown,0.0,False,False
5423.5,unknown,0.0,athlete2,0.0,unknown,0.0,False,False
5424.0,unknown,0.0,athlete2,0.0,unknown,0.0,False,False
5424.5,unknown,0.0,athlete2,0.0,unknown,0.0,False,False
5425.0,unknown,0.0,athlete2,0.0,unknown,0.0,False,False
5425.5,unknown,0.0,athlete2,0.0,unknown,0.0,False,False
5426.0,unknown,0.0,athlete2,0.0,unknown,0.0,False,False
5426.5,unknown,0.0,athlete2,0.0,unknown,0.0,False,False
5427.0,unknown,0.0,athlete2,0.0,unknown,0.0,False,False
5427.5,unknown,0.0,athlete2,0.0,unknown,0.0,False,False
5428.0,unknown,0.0,athlete2,0.0,unknown,0.0,False,False
5428.5,unknown,0.0,athlete2,0.0,unknown,0.0,False,False
5429.0,unknown,0.0,athlete2,0.0,unknown,0.0,False,False
5429.5,unknown,0.0,athlete2,0.0,unknown,0.0,False,False
5430.0,unknown,0.0,athlete2,0.0,unknown,0.0,False,False
5430.5,unknown,0.0,athlete2,0.0,unknown,0.0,False,False
5431.0,unknown,0.0,athlete2,0.0,unknown,0.0,False,False
5431.5,unknown,0.0,athlete2,0.0,unknown,0.0,False,False
5432.0,unknown,0.0,athlete2,0.0,unknown,0.0,False,False
5432.5,unknown,0.0,athlete2,0.0,unknown,0.0,False,False
5433.0,unknown,0.0,athlete2,0.0,unknown,0.0,False,False
5433.5,unknown,0.0,athlete2,0.0,unknown,0.0,False,False
5434.0,unknown,0.0,athlete2,0.0,unknown,0.0,False,False
5434.5,unknown,0.0,athlete2,0.0,unknown,0.0,False,False
5435.0,unknown,0.0,athlete2,0.0,unknown,0.0,False,False
5435.5,unknown,0.0,athlete2,0.0,unknown,0.0,False,False
5436.0,unknown,0.0,athlete2,0.0,unknown,0.0,False,False
5436.5,unknown,0.0,athlete2,0.0,unknown,0.0,False,False
5437.0,unknown,0.0,athlete2,0.0,unknown,0.0,False,False
5437.5,unknown,0.0,athlete2,0.0,unknown,0.0,False,False
5438.0,unknown,0.0,athlete2,0.0,unknown,0.0,False,False
5438.5,unknown,0.0,athlete2,0.0,unknown,0.0,False,False
5439.0,unknown,0.0,athlete2,0.0,unknown,0.0,False,False
5439.5,unknown,0.0,athlete2,0.0,unknown,0.0,False,False
5440.0,unknown,0.0,athlete2,0.0,unknown,0.0,False,False
5440.5,unknown,0.0,athlete2,0.0,unknown,0.0,False,False
5441.0,unknown,0.0,athlete2,0.0,unknown,0.0,False,False
5441.5,unknown,0.0,athlete2,0.0,unknown,0.0,False,False
5442.0,unknown,0.0,athlete2,0.0,unknown,0.0,False,False
5442.5,unknown,0.0,athlete2,0.0,unknown,0.0,False,False
5443.0,unknown,0.0,athlete2,0.0,unknown,0.0,False,False
5443.5,unknown,0.0,athlete2,0.0,unknown,0.0,False,False
5444.0,unknown,0.0,athlete2,0.0,unknown,0.0,False,False
5444.5,unknown,0.0,athlete2,0.0,unknown,0.0,False,False
5445.0,unknown,0.0,athlete2,0.0,unknown,0.0,False,False
5445.5,unknown,0.0,athlete2,0.0,unknown,0.0,False,False
5446.0,unknown,0.0,athlete2,0.0,unknown,0.0,False,False
5446.5,unknown,0.0,athlete2,0.0,unknown,0.0,False,False
5447.0,unknown,0.0,athlete2,0.0,unknown,0.0,False,False
5447.5,unknown,0.0,athlete2,0.0,unknown,0.0,False,False
5448.0,unknown,0.0,athlete2,0.0,unknown,0.0,False,False
5448.5,unknown,0.0,athlete2,0.0,unknown,0.0,False,False
5449.0,unknown,0.0,athlete2,0.0,unknown,0.0,False,False
5449.5,unknown,0.0,athlete2,0.0,unknown,0.0,False,False
5450.0,unknown,0.0,athlete2,0.0,unknown,0.0,False,False
5450.5,unknown,0.0,athlete2,0.0,unknown,0.0,False,False
5451.0,unknown,0.0,athlete2,0.0,unknown,0.0,False,False
5451.5,unknown,0.0,athlete2,0.0,unknown,0.0,False,False
5452.0,unknown,0.0,athlete2,0.0,unknown,0.0,False,False
5452.5,unknown,0.0,athlete2,0.0,unknown,0.0,False,False
5453.0,unknown,0.0,athlete2,0.0,unknown,0.0,False,False
5453.5,unknown,0.0,athlete2,0.0,unknown,0.0,False,False
5454.0,unknown,0.0,athlete2,0.0,unknown,0.0,False,False
5454.5,unknown,0.0,athlete2,0.0,unknown,0.0,False,False
5455.0,unknown,0.0,athlete2,0.0,unknown,0.0,False,False
5455.5,unknown,0.0,athlete2,0.0,unknown,0.0,False,False
5456.0,unknown,0.0,athlete2,0.0,unknown,0.0,False,False
5456.5,unknown,0.0,athlete2,0.0,unknown,0.0,False,False
5457.0,unknown,0.0,athlete2,0.0,unknown,0.0,False,False
5457.5,unknown,0.0,athlete2,0.0,unknown,0.0,False,False
5458.0,unknown,0.0,athlete2,0.0,unknown,0.0,False,False
5458.5,unknown,0.0,athlete2,0.0,unknown,0.0,False,False
5459.0,unknown,0.0,athlete2,0.0,unknown,0.0,False,False
5459.5,unknown,0.0,athlete2,0.0,unknown,0.0,False,False
5460.0,unknown,0.0,athlete2,0.0,unknown,0.0,False,False
5460.5,unknown,0.0,athlete2,0.0,unknown,0.0,False,False
5461.0,unknown,0.0,athlete2,0.0,unknown,0.0,False,False
5461.5,unknown,0.0,athlete2,0.0,unknown,0.0,False,False
5462.0,unknown,0.0,athlete2,0.0,unknown,0.0,False,False
5462.5,unknown,0.0,athlete2,0.0,unknown,0.0,False,False
5463.0,unknown,0.0,athlete2,0.0,unknown,0.0,False,False
5463.5,unknown,0.0,athlete2,0.0,unknown,0.0,False,False
5464.0,unknown,0.0,athlete2,0.0,unknown,0.0,False,False
5464.5,unknown,0.0,athlete2,0.0,unknown,0.0,False,False
5465.0,unknown,0.0,athlete2,0.0,unknown,0.0,False,False
5465.5,unknown,0.0,athlete2,0.0,unknown,0.0,False,False
5466.0,unknown,0.0,athlete2,0.0,unknown,0.0,False,False
5466.5,unknown,0.0,athlete2,0.0,unknown,0.0,False,False
5467.0,unknown,0.0,athlete2,0.0,unknown,0.0,False,False
5467.5,unknown,0.0,athlete2,0.0,unknown,0.0,False,False
5468.0,unknown,0.0,athlete2,0.0,unknown,0.0,False,False
5468.5,unknown,0.0,athlete2,0.0,unknown,0.0,False,False
5469.0,unknown,0.0,athlete2,0.0,unknown,0.0,False,False
5469.5,unknown,0.0,athlete2,0.0,unknown,0.0,False,False
5470.0,unknown,0.0,athlete2,0.0,unknown,0.0,False,False
5470.5,unknown,0.0,athlete2,0.0,unknown,0.0,False,False
5471.0,unknown,0.0,athlete2,0.0,unknown,0.0,False,False
5471.5,unknown,0.0,athlete2,0.0,unknown,0.0,False,False
5472.0,unknown,0.0,athlete2,0.0,unknown,0.0,False,False
5472.5,unknown,0.0,athlete2,0.0,unknown,0.0,False,False
5473.0,unknown,0.0,athlete2,0.0,unknown,0.0,False,False
5473.5,unknown,0.0,athlete2,0.0,unknown,0.0,False,False
5474.0,unknown,0.0,athlete2,0.0,unknown,0.0,False,False
5474.5,unknown,0.0,athlete2,0.0,unknown,0.0,False,False
5475.0,unknown,0.0,athlete2,0.0,unknown,0.0,False,False
5475.5,unknown,0.0,athlete2,0.0,unknown,0.0,False,False
5476.0,unknown,0.0,athlete2,0.0,unknown,0.0,False,False
5476.5,unknown,0.0,athlete2,0.0,unknown,0.0,False,False
5477.0,unknown,0.0,athlete2,0.0,unknown,0.0,False,False
5477.5,unknown,0.0,athlete2,0.0,unknown,0.0,False,False
5478.0,unknown,0.0,athlete2,0.0,unknown,0.0,False,False
5478.5,unknown,0.0,athlete2,0.0,unknown,0.0,False,False
5479.0,unknown,0.0,athlete2,0.0,unknown,0.0,False,False
5479.5,unknown,0.0,athlete2,0.0,unknown,0.0,False,False
5480.0,unknown,0.0,athlete2,0.0,unknown,0.0,False,False
5480.5,unknown,0.0,athlete2,0.0,unknown,0.0,False,False
5481.0,unknown,0.0,athlete2,0.0,unknown,0.0,False,False
5481.5,unknown,0.0,athlete2,0.0,unknown,0.0,False,False
5482.0,unknown,0.0,athlete2,0.0,unknown,0.0,False,False
5482.5,unknown,0.0,athlete2,0.0,unknown,0.0,False,False
5483.0,unknown,0.0,athlete2,0.0,unknown,0.0,False,False
5483.5,unknown,0.0,athlete2,0.0,unknown,0.0,False,False
5484.0,unknown,0.0,athlete2,0.0,unknown,0.0,False,False
5484.5,unknown,0.0,athlete2,0.0,unknown,0.0,False,False
5485.0,unknown,0.0,athlete2,0.0,unknown,0.0,False,False
5485.5,unknown,0.0,athlete2,0.0,unknown,0.0,False,False
5486.0,unknown,0.0,athlete2,0.0,unknown,0.0,False,False
5486.5,unknown,0.0,athlete2,0.0,unknown,0.0,False,False
5487.0,unknown,0.0,athlete2,0.0,unknown,0.0,False,False
5487.5,unknown,0.0,athlete2,0.0,unknown,0.0,False,False
5488.0,unknown,0.0,athlete2,0.0,unknown,0.0,False,False
5488.5,unknown,0.0,athlete2,0.0,unknown,0.0,False,False
5489.0,unknown,0.0,athlete2,0.0,unknown,0.0,False,False
5489.5,unknown,0.0,athlete2,0.0,unknown,0.0,False,False
5490.0,unknown,0.0,athlete2,0.0,unknown,0.0,False,False
5490.5,unknown,0.0,athlete2,0.0,unknown,0.0,False,False
5491.0,unknown,0.0,athlete2,0.0,unknown,0.0,False,False
5491.5,unknown,0.0,athlete2,0.0,unknown,0.0,False,False
5492.0,unknown,0.0,athlete2,0.0,unknown,0.0,False,False
5492.5,unknown,0.0,athlete2,0.0,unknown,0.0,False,False
5493.0,unknown,0.0,athlete2,0.0,unknown,0.0,False,False
5493.5,unknown,0.0,athlete2,0.0,unknown,0.0,False,False
5494.0,unknown,0.0,athlete2,0.0,unknown,0.0,False,False
5494.5,unknown,0.0,athlete2,0.0,unknown,0.0,False,False
5495.0,unknown,0.0,athlete2,0.0,unknown,0.0,False,False
5495.5,unknown,0.0,athlete2,0.0,unknown,0.0,False,False
5496.0,unknown,0.0,athlete2,0.0,unknown,0.0,False,False
5496.5,unknown,0.0,athlete2,0.0,unknown,0.0,False,False
5497.0,unknown,0.0,athlete2,0.0,unknown,0.0,False,False
5497.5,unknown,0.0,athlete2,0.0,unknown,0.0,False,False
5498.0,unknown,0.0,athlete2,0.0,unknown,0.0,False,False
5498.5,unknown,0.0,athlete2,0.0,unknown,0.0,False,False
5499.0,unknown,0.0,athlete2,0.0,unknown,0.0,False,False
5499.5,unknown,0.0,athlete2,0.0,unknown,0.0,False,False
5500.0,unknown,0.0,athlete2,0.0,unknown,0.0,False,False
5500.5,unknown,0.0,athlete2,0.0,unknown,0.0,False,False
5501.0,unknown,0.0,athlete2,0.0,unknown,0.0,False,False
5501.5,unknown,0.0,athlete2,0.0,unknown,0.0,False,False
5502.0,unknown,0.0,athlete2,0.0,unknown,0.0,False,False
5502.5,unknown,0.0,athlete2,0.0,unknown,0.0,False,False
5503.0,unknown,0.0,athlete2,0.0,unknown,0.0,False,False
5503.5,unknown,0.0,athlete2,0.0,unknown,0.0,False,False
5504.0,unknown,0.0,athlete2,0.0,unknown,0.0,False,False
5504.5,unknown,0.0,athlete2,0.0,unknown,0.0,False,False
5505.0,unknown,0.0,athlete2,0.0,unknown,0.0,False,False
5505.5,unknown,0.0,athlete2,0.0,unknown,0.0,False,False
5506.0,unknown,0.0,athlete2,0.0,unknown,0.0,False,False
5506.5,unknown,0.0,athlete2,0.0,unknown,0.0,False,False
5507.0,unknown,0.0,athlete2,0.0,unknown,0.0,False,False
5507.5,unknown,0.0,athlete2,0.0,unknown,0.0,False,False
5508.0,unknown,0.0,athlete2,0.0,unknown,0.0,False,False
5508.5,unknown,0.0,athlete2,0.0,unknown,0.0,False,False
5509.0,unknown,0.0,athlete2,0.0,unknown,0.0,False,False
5509.5,unknown,0.0,athlete2,0.0,unknown,0.0,False,False
5510.0,unknown,0.0,athlete2,0.0,unknown,0.0,False,False
5510.5,unknown,0.0,athlete2,0.0,unknown,0.0,False,False
5511.0,unknown,0.0,athlete2,0.0,unknown,0.0,False,False
5511.5,unknown,0.0,athlete2,0.0,unknown,0.0,False,False
5512.0,unknown,0.0,athlete2,0.0,unknown,0.0,False,False
5512.5,unknown,0.0,athlete2,0.0,unknown,0.0,False,False
5513.0,unknown,0.0,athlete2,0.0,unknown,0.0,False,False
5513.5,unknown,0.0,athlete2,0.0,unknown,0.0,False,False
5514.0,unknown,0.0,athlete2,0.0,unknown,0.0,False,False
5514.5,unknown,0.0,athlete2,0.0,unknown,0.0,False,False
5515.0,unknown,0.0,athlete2,0.0,unknown,0.0,False,False
5515.5,unknown,0.0,athlete2,0.0,unknown,0.0,False,False
5516.0,unknown,0.0,athlete2,0.0,unknown,0.0,False,False
5516.5,unknown,0.0,athlete2,0.0,unknown,0.0,False,False
5517.0,unknown,0.0,athlete2,0.0,unknown,0.0,False,False
5517.5,unknown,0.0,athlete2,0.0,unknown,0.0,False,False
5518.0,unknown,0.0,athlete2,0.0,unknown,0.0,False,False
5518.5,unknown,0.0,athlete2,0.0,unknown,0.0,False,False
5519.0,unknown,0.0,athlete2,0.0,unknown,0.0,False,False
5519.5,unknown,0.0,athlete2,0.0,unknown,0.0,False,False
5520.0,unknown,0.0,athlete2,0.0,unknown,0.0,False,False
5520.5,unknown,0.0,athlete2,0.0,unknown,0.0,False,False
5521.0,unknown,0.0,athlete2,0.0,unknown,0.0,False,False
5521.5,unknown,0.0,athlete2,0.0,unknown,0.0,False,False
5522.0,unknown,0.0,athlete2,0.0,unknown,0.0,False,False
5522.5,unknown,0.0,athlete2,0.0,unknown,0.0,False,False
5523.0,unknown,0.0,athlete2,0.0,unknown,0.0,False,False
5523.5,unknown,0.0,athlete2,0.0,unknown,0.0,False,False
5524.0,unknown,0.0,athlete2,0.0,unknown,0.0,False,False
5524.5,unknown,0.0,athlete2,0.0,unknown,0.0,False,False
5525.0,unknown,0.0,athlete2,0.0,unknown,0.0,False,False
5525.5,unknown,0.0,athlete2,0.0,unknown,0.0,False,False
5526.0,unknown,0.0,athlete2,0.0,unknown,0.0,False,False
5526.5,unknown,0.0,athlete2,0.0,unknown,0.0,False,False
5527.0,unknown,0.0,athlete2,0.0,unknown,0.0,False,False
5527.5,unknown,0.0,athlete2,0.0,unknown,0.0,False,False
5528.0,unknown,0.0,athlete2,0.0,unknown,0.0,False,False
5528.5,unknown,0.0,athlete2,0.0,unknown,0.0,False,False
5529.0,unknown,0.0,athlete2,0.0,unknown,0.0,False,False
5529.5,unknown,0.0,athlete2,0.0,unknown,0.0,False,False
5530.0,unknown,0.0,athlete2,0.0,unknown,0.0,False,False
5530.5,unknown,0.0,athlete2,0.0,unknown,0.0,False,False
5531.0,unknown,0.0,athlete2,0.0,unknown,0.0,False,False
5531.5,unknown,0.0,athlete2,0.0,unknown,0.0,False,False
5532.0,unknown,0.0,athlete2,0.0,unknown,0.0,False,False
5532.5,unknown,0.0,athlete2,0.0,unknown,0.0,False,False
5533.0,unknown,0.0,athlete2,0.0,unknown,0.0,False,False
5533.5,unknown,0.0,athlete2,0.0,unknown,0.0,False,False
5534.0,unknown,0.0,athlete2,0.0,unknown,0.0,False,False
5534.5,unknown,0.0,athlete2,0.0,unknown,0.0,False,False
5535.0,open_guard,0.5746918715160377,athlete2,0.7543615846454708,open_guard2,0.5513092999807421,True,True
5535.5,open_guard,0.574949338210633,athlete2,0.7536445285148259,open_guard2,0.551463149045568,True,True
5536.0,open_guard,0.3007520528239577,athlete2,0.6957624882224966,open_guard2,0.6572514001160874,True,True
5536.5,open_guard,0.43405855701143564,athlete2,0.46499930958565444,open_guard2,0.6976369080174182,True,True
5537.0,open_guard,0.39810833751379193,athlete2,0.5094393076145377,open_guard2,0.38220579700080504,True,True
5537.5,open_guard,0.4650196058186308,athlete2,0.5257490204244156,open_guard2,0.379439264706209,True,True
5538.0,open_guard,0.5719515701054563,athlete2,0.5264972712696793,open_guard2,0.5539167924590136,True,True
5538.5,open_guard,0.6921053915614808,athlete2,0.5254618503311637,open_guard2,0.5752299775452898,True,True
5539.0,open_guard,0.5556749516860905,athlete2,0.5142905997691283,open_guard2,0.6091821187800929,True,True
5539.5,open_guard,0.39939608243623553,athlete2,0.4201634984984325,open_guard2,0.6507036284067094,True,True
5540.0,open_guard,0.4881235650021574,athlete2,0.6752834256688887,open_guard2,0.8837885515373038,True,True
5540.5,open_guard,0.46858475296960683,athlete2,0.44964481063679956,open_guard2,0.4969746677992901,True,True
5541.0,open_guard,0.3935220874810715,athlete2,0.4714321152322715,open_guard2,0.2950997682814636,True,True
5541.5,open_guard,0.4590325630410902,athlete2,0.5745735589070757,open_guard2,0.8992183745909004,True,True
5542.0,open_guard,0.5431066216267548,athlete2,0.6677378123087911,open_guard2,0.9199326492421543,True,True
5542.5,open_guard,0.6397023348752696,athlete2,0.5651417702679067,open_guard2,0.4429861896416094,True,True
5543.0,open_guard,0.0,athlete2,0.0,open_guard2,0.0,False,False
5543.5,open_guard,0.31791415141318,athlete2,0.581037121847314,open_guard2,0.3630616254158275,True,True
5544.0,open_guard,0.34818109656417695,athlete2,0.8204597129276782,open_guard2,0.8294267285730689,True,True
5544.5,open_guard,0.0,athlete2,0.0,open_guard2,0.0,False,False
5545.0,open_guard,0.613285042196192,athlete2,0.58495477633012,open_guard2,0.4868921980994537,True,True
5545.5,open_guard,0.49686545969967566,athlete2,0.5169691230408976,open_guard2,0.6165036689338624,True,True
5546.0,open_guard,0.0,athlete2,0.0,open_guard2,0.0,False,False
5546.5,open_guard,0.0,athlete2,0.0,open_guard2,0.0,False,False
5547.0,open_guard,0.5558934257519971,athlete2,0.8971240530008101,open_guard2,0.9542650078054185,True,True
5547.5,open_guard,0.0,athlete2,0.0,open_guard2,0.0,False,False
5548.0,open_guard,0.0,athlete2,0.0,open_guard2,0.0,False,False
5548.5,open_guard,0.7332706285577347,athlete2,0.5275036026382993,open_guard2,0.6737426297996364,True,True
5549.0,open_guard,0.6742343787416057,athlete2,0.6055779456594781,open_guard2,0.3577592525618355,True,True
5549.5,open_guard,0.8682912298080159,athlete2,0.4307534420793459,open_guard2,0.8390244393606665,True,True
5550.0,open_guard,0.8945400900970597,athlete2,0.7628264775348448,open_guard2,0.9430053857668784,True,True
5550.5,open_guard,0.0,athlete2,0.0,open_guard2,0.0,False,False
5551.0,open_guard,0.0,athlete2,0.0,open_guard2,0.0,False,False
5551.5,open_guard,0.7620927405039182,athlete2,0.37675326958044814,open_guard2,0.5420052789447833,True,True
5552.0,open_guard,0.0,athlete2,0.0,open_guard2,0.0,False,False
5552.5,open_guard,0.9109167887507926,athlete2,0.6812355704933277,open_guard2,0.6486198947416832,True,True
5553.0,open_guard,0.0,athlete2,0.0,open_guard2,0.0,False,False
5553.5,open_guard,0.659543505215679,athlete2,0.9891005820335365,open_guard2,0.6318163672696636,True,True
5554.0,open_guard,0.7827973835228996,athlete2,0.8664087011012513,open_guard2,0.7555295025372792,True,True
5554.5,open_guard,0.0,athlete2,0.0,open_guard2,0.0,False,False
5555.0,open_guard,0.5365195839638385,athlete2,0.5527675543091443,open_guard2,0.4711586588489306,True,True
5555.5,open_guard,0.34364559221489993,athlete2,0.734001120839238,open_guard2,0.9962180634092956,True,True
5556.0,open_guard,0.3727282344180476,athlete2,0.529392476277653,open_guard2,0.9983429984220255,True,True
5556.5,open_guard,0.8170288716772816,athlete2,0.49972015828756966,open_guard2,0.5914448298012733,True,True
5557.0,open_guard,0.0,athlete2,0.0,open_guard2,0.0,False,False
5557.5,open_guard,0.0,athlete2,0.0,open_guard2,0.0,False,False
5558.0,open_guard,0.0,athlete2,0.0,open_guard2,0.0,False,False
5558.5,open_guard,0.6101534051156035,athlete2,0.8703928529716428,open_guard2,0.3226076983113429,True,True
5559.0,open_guard,0.0,athlete2,0.0,open_guard2,0.0,False,False
5559.5,open_guard,0.0,athlete2,0.0,open_guard2,0.0,False,False
5560.0,open_guard,0.7807696174279298,athlete2,0.6268169858261992,open_guard2,0.8286884794117952,True,True
5560.5,open_guard,0.6199309604548958,athlete2,0.6061327110251769,open_guard2,0.9445306437888742,True,True
5561.0,open_guard,0.9593718077846421,athlete2,0.9093343932356484,open_guard2,0.6977331765735965,True,True
5561.5,open_guard,0.7400374227518975,athlete2,0.5196485394253135,open_guard2,0.6470391718338869,True,True
5562.0,open_guard,0.9904620838589966,athlete2,0.8400919336908858,open_guard2,0.9875535878862695,True,True
5562.5,open_guard,0.44064275226087296,athlete2,0.7314980407676763,open_guard2,0.616285909461354,True,True
5563.0,open_guard,0.9967561901229266,athlete2,0.872085394326118,open_guard2,0.9989551157675383,True,True
5563.5,open_guard,0.43513263275668457,athlete2,0.5663589393546324,open_guard2,0.5684944540937212,True,True
5564.0,open_guard,0.4743175788615996,athlete2,0.8901762308290802,open_guard2,0.9309557703599588,True,True
5564.5,open_guard,0.9920885773355774,athlete2,0.5539869223864219,open_guard2,0.9963781994690593,True,True
5565.0,open_guard,0.511472459983788,athlete2,0.5679339030165796,open_guard2,0.7034558487771153,True,True
5565.5,open_guard,0.7645813216213564,athlete2,0.5294779244165206,open_guard2,0.5087701151578298,True,True
5566.0,open_guard,0.7745984015363552,athlete2,0.8922293838907305,open_guard2,0.7868802180508168,True,True
5566.5,open_guard,0.9686062416008385,athlete2,0.6424652507848309,open_guard2,0.9970665797093226,True,True
5567.0,open_guard,0.6099566620609717,athlete2,0.5368944472527738,open_guard2,0.30457105090603565,True,True
5567.5,open_guard,0.6578926386540233,athlete2,0.6441134563059737,open_guard2,0.5514854865064549,True,True
5568.0,open_guard,0.6835253292046506,athlete2,0.7569826349832219,open_guard2,0.5262164797685724,True,True
5568.5,open_guard,0.988964905643568,athlete2,0.7196412309900814,open_guard2,0.7235852215136174,True,True
5569.0,open_guard,0.9875083874130548,athlete2,0.6175029381025297,open_guard2,0.8225141903080684,True,True
5569.5,open_guard,0.9765105918068168,athlete2,0.8968062973467771,open_guard2,0.9814620131841829,True,True
5570.0,unknown,0.0,athlete2,0.0,unknown,0.0,False,False
5570.5,unknown,0.0,athlete2,0.0,unknown,0.0,False,False
5571.0,unknown,0.0,athlete2,0.0,unknown,0.0,False,False
5571.5,unknown,0.0,athlete2,0.0,unknown,0.0,False,False
5572.0,unknown,0.0,athlete2,0.0,unknown,0.0,False,False
5572.5,unknown,0.0,athlete2,0.0,unknown,0.0,False,False
5573.0,unknown,0.0,athlete2,0.0,unknown,0.0,False,False
5573.5,unknown,0.0,athlete2,0.0,unknown,0.0,False,False
5574.0,unknown,0.0,athlete2,0.0,unknown,0.0,False,False
5574.5,unknown,0.0,athlete2,0.0,unknown,0.0,False,False
5575.0,unknown,0.0,athlete2,0.0,unknown,0.0,False,False
5575.5,unknown,0.0,athlete2,0.0,unknown,0.0,False,False
5576.0,unknown,0.0,athlete2,0.0,unknown,0.0,False,False
5576.5,unknown,0.0,athlete2,0.0,unknown,0.0,False,False
5577.0,unknown,0.0,athlete2,0.0,unknown,0.0,False,False
5577.5,unknown,0.0,athlete2,0.0,unknown,0.0,False,False
5578.0,unknown,0.0,athlete2,0.0,unknown,0.0,False,False
5578.5,unknown,0.0,athlete2,0.0,unknown,0.0,False,False
5579.0,unknown,0.0,athlete2,0.0,unknown,0.0,False,False
5579.5,unknown,0.0,athlete2,0.0,unknown,0.0,False,False
5580.0,unknown,0.0,athlete2,0.0,unknown,0.0,False,False
5580.5,unknown,0.0,athlete2,0.0,unknown,0.0,False,False
5581.0,unknown,0.0,athlete2,0.0,unknown,0.0,False,False
5581.5,unknown,0.0,athlete2,0.0,unknown,0.0,False,False
5582.0,unknown,0.0,athlete2,0.0,unknown,0.0,False,False
5582.5,unknown,0.0,athlete2,0.0,unknown,0.0,False,False
5583.0,unknown,0.0,athlete2,0.0,unknown,0.0,False,False
5583.5,unknown,0.0,athlete2,0.0,unknown,0.0,False,False
5584.0,unknown,0.0,athlete2,0.0,unknown,0.0,False,False
5584.5,unknown,0.0,athlete2,0.0,unknown,0.0,False,False
5585.0,unknown,0.0,athlete2,0.0,unknown,0.0,False,False
5585.5,unknown,0.0,athlete2,0.0,unknown,0.0,False,False
5586.0,unknown,0.0,athlete2,0.0,unknown,0.0,False,False
5586.5,unknown,0.0,athlete2,0.0,unknown,0.0,False,False
5587.0,unknown,0.0,athlete2,0.0,unknown,0.0,False,False
5587.5,unknown,0.0,athlete2,0.0,unknown,0.0,False,False
5588.0,unknown,0.0,athlete2,0.0,unknown,0.0,False,False
5588.5,unknown,0.0,athlete2,0.0,unknown,0.0,False,False
5589.0,unknown,0.0,athlete2,0.0,unknown,0.0,False,False
5589.5,unknown,0.0,athlete2,0.0,unknown,0.0,False,False
5590.0,unknown,0.0,athlete2,0.0,unknown,0.0,False,False
5590.5,unknown,0.0,athlete2,0.0,unknown,0.0,False,False
5591.0,unknown,0.0,athlete2,0.0,unknown,0.0,False,False
5591.5,unknown,0.0,athlete2,0.0,unknown,0.0,False,False
